Station_ID,Latitude,Longitude,Address,Charger_Type,Cost_USD_per_kWh,Availability,Distance_to_City_km,Usage_Stats_avg_users_day,Station_Operator,Charging_Capacity_kW,Connector_Types,Installation_Year,Renewable_Energy_Source,Reviews_Rating,Parking_Spots,Maintenance_Frequency
ST0001,33.9889628523367,-83.50662058685478,"8082 Main St, City 0",AC Level 1,0.26,14,25.1,68,EVgo,50.0,Tesla,2015,Yes,3.6,15,Monthly
ST0002,47.81714335383799,-92.90641075204101,"4207 Main St, City 1",DC Fast,0.46,29,38.8,39,Tesla,150.0,CCS,2018,No,3.3,14,Yearly
ST0003,42.56785460347372,-106.04739825539299,"1441 Main St, City 2",DC Fast,0.14,41,6.9,68,EVgo,3.3,Type 2,2019,Yes,4.4,1,On-demand
ST0004,39.36780362072888,-76.79988885699697,"8507 Main St, City 3",AC Level 1,0.36,100,22.6,95,Electrify America,150.0,CCS,2020,No,4.8,16,On-demand
ST0005,28.744447370618477,-84.28559199187501,"438 Main St, City 4",DC Fast,0.32,36,24.2,62,Electrify America,3.3,Tesla,2019,No,4.9,10,Yearly
ST0006,28.743868488068863,-114.5682175179963,"5995 Main St, City 5",AC Level 2,0.39,41,32.4,2,ChargePoint,150.0,Type 2,2015,Yes,2.9,19,Yearly
ST0007,26.394006692036786,-71.16622329935714,"2808 Main St, City 6",DC Fast,0.13,100,1.4,95,Blink,350.0,CHAdeMO,2017,No,4.7,3,Monthly
ST0008,45.788227498598445,-76.2928399104562,"1850 Main St, City 7",AC Level 2,0.36,34,3.7,46,ChargePoint,11.0,Type 2,2015,No,4.3,5,On-demand
ST0009,39.42676028183701,-68.9116050290684,"5704 Main St, City 8",AC Level 2,0.35,86,15.3,97,Electrify America,11.0,CHAdeMO,2019,Yes,3.1,9,On-demand
ST0010,41.99374186710509,-81.90826851347512,"2521 Main St, City 9",AC Level 2,0.35,5,19.5,29,Tesla,150.0,CCS,2019,No,2.7,18,Monthly
ST0011,25.49402786309926,-88.42191863572418,"7219 Main St, City 10",AC Level 2,0.37,67,28.5,22,Tesla,11.0,CCS,2020,No,3.2,11,On-demand
ST0012,48.277836451887865,-99.7419038951441,"9001 Main St, City 11",AC Level 1,0.4,17,21.2,111,ChargePoint,150.0,Tesla,2022,Yes,,16,Quarterly
ST0013,44.97862337921012,-69.90174796546722,"5419 Main St, City 12",AC Level 1,0.46,72,13.2,14,Electrify America,7.2,CHAdeMO,2015,,4.1,2,Quarterly
ST0014,30.096138656278626,-73.76829440897632,"6709 Main St, City 13",AC Level 2,0.22,28,20.0,28,Tesla,7.2,CCS,2018,Yes,4.3,12,Quarterly
ST0015,29.363799212970413,-121.37731713384102,"5487 Main St, City 14",DC Fast,0.47,76,18.6,101,Electrify America,350.0,CHAdeMO,2015,,3.1,6,On-demand
ST0016,29.401708236482413,-122.47071547915938,"4093 Main St, City 15",AC Level 2,0.32,58,35.9,8,Tesla,50.0,CCS,2023,No,4.3,11,Quarterly
ST0017,32.30181383102891,-102.16512472107313,"8780 Main St, City 16",AC Level 2,0.13,46,17.0,23,Electrify America,150.0,Type 2,2021,No,2.6,8,Quarterly
ST0018,37.59415435917371,-76.98790681465368,"8144 Main St, City 17",DC Fast,0.13,16,10.4,75,EVgo,11.0,CCS,2021,Yes,3.4,12,Monthly
ST0019,35.36668044741078,-66.73798449973322,"8338 Main St, City 18",AC Level 1,0.25,95,20.4,104,Electrify America,50.0,Tesla,2019,Yes,4.1,2,Monthly
ST0020,31.989499364753005,-115.27582031599536,"4973 Main St, City 19",AC Level 2,0.45,21,17.4,54,Electrify America,50.0,Type 2,2021,Yes,2.9,9,Yearly
ST0021,39.6844694733371,-89.54041850957617,"4906 Main St, City 20",AC Level 2,0.42,67,3.9,80,ChargePoint,50.0,Tesla,2016,No,4.6,15,Yearly
ST0022,28.347852655649003,-101.90833031540075,"8692 Main St, City 21",DC Fast,0.45,68,14.8,80,EVgo,50.0,Type 2,2018,Yes,3.1,2,Yearly
ST0023,32.01147156484524,-67.74496492675301,"6013 Main St, City 22",AC Level 2,0.33,36,13.8,5,Blink,50.0,CHAdeMO,2021,No,4.1,1,Yearly
ST0024,33.7926842390486,-75.15710245812889,"7224 Main St, City 23",AC Level 2,0.3,48,8.5,97,ChargePoint,22.0,Tesla,2017,,3.5,10,Monthly
ST0025,35.94567962120886,-75.376935126754,"3257 Main St, City 24",DC Fast,0.17,12,27.4,24,Blink,11.0,CCS,2016,Yes,4.0,2,Monthly
ST0026,43.844223073432325,-96.81579673189172,"490 Main St, City 25",DC Fast,0.25,33,5.6,71,Tesla,150.0,CHAdeMO,2016,No,2.8,12,Monthly
ST0027,29.792170771800635,-99.94046886441542,"4530 Main St, City 26",AC Level 2,0.3,85,20.5,357,Blink,11.0,CCS,2015,No,2.5,8,Quarterly
ST0028,37.34162652192668,-108.14238982801903,"8920 Main St, City 27",AC Level 2,0.14,52,13.2,85,Electrify America,50.0,Type 2,2019,No,4.8,5,Quarterly
ST0029,39.217949652689015,-120.73022119424623,"7786 Main St, City 28",AC Level 2,0.2,86,16.3,102,Blink,11.0,Type 2,2020,No,3.2,1,Yearly
ST0030,26.114809905279945,-73.84610217720692,"4332 Main St, City 29",DC Fast,0.37,50,19.9,380,ChargePoint,50.0,CCS,2020,Yes,4.5,15,Quarterly
ST0031,39.58107644563452,-76.8517414704555,"8107 Main St, City 30",AC Level 2,0.43,2,0.7,77,ChargePoint,50.0,CCS,2023,Yes,5.0,6,On-demand
ST0032,29.092578968494998,-66.01637494940442,"1621 Main St, City 31",AC Level 1,0.55,41,17.3,34,Blink,11.0,CHAdeMO,2018,No,3.0,12,Monthly
ST0033,26.56123823164671,-66.19506344971349,"9118 Main St, City 32",DC Fast,0.52,97,42.5,29,ChargePoint,7.2,CCS,2015,Yes,3.2,8,Yearly
ST0034,47.77325289408,-91.7849610750476,"1600 Main St, City 33",AC Level 2,0.39,31,3.7,9,ChargePoint,7.2,,2020,,4.2,13,Yearly
ST0035,48.175168793789425,-79.39872991953038,"6837 Main St, City 34",AC Level 2,0.29,50,14.3,2,Blink,50.0,Tesla,2019,Yes,4.9,19,On-demand
ST0036,44.40153635479507,-69.20358766681917,"3394 Main St, City 35",AC Level 2,0.39,84,28.5,38,EVgo,150.0,CCS,2020,Yes,,1,Quarterly
ST0037,32.3107304601609,-74.72045134071013,"5185 Main St, City 36",AC Level 2,0.45,45,18.6,64,EVgo,3.3,,2017,No,3.8,11,Yearly
ST0038,27.34413073615321,-109.65381009889454,"2519 Main St, City 37",AC Level 2,0.15,20,23.3,23,Tesla,50.0,CCS,2016,Yes,4.5,1,Quarterly
ST0039,41.42159263629176,-97.86844015201457,"9226 Main St, City 38",AC Level 2,0.28,43,13.5,71,ChargePoint,11.0,CHAdeMO,2020,No,2.8,8,Quarterly
ST0040,35.56365984975043,-116.5087539212133,"3142 Main St, City 39",AC Level 1,0.48,10,22.2,22,Blink,22.0,Tesla,2015,,4.9,5,On-demand
ST0041,27.92891763627469,-68.6650404189941,"4597 Main St, City 40",AC Level 2,0.27,67,5.9,97,ChargePoint,350.0,Tesla,2021,Yes,4.9,17,Yearly
ST0042,36.88424584267048,-88.84187120184896,"1566 Main St, City 41",DC Fast,0.36,0,18.7,36,Electrify America,11.0,CCS,2021,Yes,2.9,8,Quarterly
ST0043,25.82532450676524,-110.73871728079916,"3661 Main St, City 42",AC Level 1,0.36,91,14.6,353,ChargePoint,22.0,Tesla,2021,No,3.2,10,Quarterly
ST0044,46.82368964989077,-85.04136030446031,"714 Main St, City 43",DC Fast,0.18,62,42.3,6,ChargePoint,3.3,Type 2,2015,Yes,2.8,2,On-demand
ST0045,31.210719558400406,-88.14856205344205,"5492 Main St, City 44",AC Level 2,0.26,23,21.6,61,EVgo,7.2,CHAdeMO,2018,No,3.2,9,On-demand
ST0046,40.900534824495566,-103.22656235409525,"7793 Main St, City 45",DC Fast,0.25,98,13.6,47,Blink,11.0,CHAdeMO,2021,No,4.5,3,Quarterly
ST0047,32.481065826145866,-117.41365965242152,"9474 Main St, City 46",DC Fast,0.11,12,3.1,321,ChargePoint,3.3,Tesla,2023,Yes,3.4,18,On-demand
ST0048,37.48163250826746,-85.04875465561761,"3323 Main St, City 47",AC Level 2,0.11,97,16.5,49,EVgo,50.0,Tesla,2019,No,2.7,7,Quarterly
ST0049,38.12104670423871,-93.82215334757998,"7238 Main St, City 48",DC Fast,0.47,10,24.9,7,Tesla,22.0,Type 2,2016,No,3.4,15,Yearly
ST0050,29.436506932612648,-79.20553327933291,"2767 Main St, City 49",DC Fast,0.22,99,14.0,90,EVgo,22.0,Type 2,2021,Yes,5.0,18,Weekly
ST0051,48.270031066349404,-93.83051693550439,"8080 Main St, City 50",AC Level 2,0.33,50,8.9,57,EVgo,7.2,Tesla,2015,No,4.1,3,On-demand
ST0052,43.60318776066675,-74.57347298152467,"230 Main St, City 51",AC Level 2,0.23,16,8.1,111,EVgo,11.0,Tesla,2021,No,3.5,14,Monthly
ST0053,47.54797459754054,-91.98940335107983,"3083 Main St, City 52",AC Level 2,0.52,98,21.4,60,ChargePoint,50.0,Type 2,2020,Yes,2.9,2,Quarterly
ST0054,46.475856410263575,-91.46559765094759,"4378 Main St, City 53",DC Fast,0.22,81,24.1,105,ChargePoint,350.0,CCS,2021,No,5.0,14,Quarterly
ST0055,39.349599491466044,-73.15409104581599,"7226 Main St, City 54",DC Fast,0.29,85,31.3,30,Tesla,7.2,Type 2,2017,No,4.6,11,Quarterly
ST0056,47.12498164055481,-100.59799375968097,"8330 Main St, City 55",DC Fast,0.49,23,3.1,72,Electrify America,150.0,CCS,2017,No,3.2,16,Monthly
ST0057,27.123820049246067,-116.22711674986283,"7794 Main St, City 56",AC Level 2,0.48,18,21.3,105,Electrify America,50.0,CHAdeMO,2021,No,2.7,8,Quarterly
ST0058,29.703588698059484,-122.33060477382634,"6740 Main St, City 57",DC Fast,0.18,36,13.5,78,Electrify America,50.0,CHAdeMO,2016,No,2.6,7,On-demand
ST0059,26.085454933852915,-80.2020391709301,"5568 Main St, City 58",AC Level 1,0.46,84,13.9,103,Tesla,22.0,Type 2,2015,Yes,2.8,11,Yearly
ST0060,32.80792793831834,-88.02204602149905,"1020 Main St, City 59",AC Level 2,0.31,7,19.8,19,Electrify America,7.2,CCS,2023,No,,3,Yearly
ST0061,34.32825495254757,-83.16337345024503,"7664 Main St, City 60",AC Level 1,0.32,27,19.9,3,Electrify America,7.2,Type 2,2023,Yes,4.8,17,On-demand
ST0062,31.512376762573503,-111.64807863248318,"8784 Main St, City 61",AC Level 2,0.16,4,21.3,9,EVgo,50.0,Type 2,2021,No,3.7,14,Yearly
ST0063,44.8897002196463,-116.09045441596736,"9423 Main St, City 62",AC Level 2,0.14,16,2.3,76,ChargePoint,11.0,CCS,2021,Yes,4.6,6,Monthly
ST0064,33.56207984064614,-123.15640939126286,"8602 Main St, City 63",AC Level 2,0.43,100,6.0,98,ChargePoint,350.0,Type 2,2017,Yes,3.6,8,Quarterly
ST0065,31.74242823249714,-103.66592158921738,"9030 Main St, City 64",AC Level 2,0.32,35,32.8,55,EVgo,22.0,CHAdeMO,2016,Yes,4.3,5,Quarterly
ST0066,38.02470599579796,-89.78477416243129,"3341 Main St, City 65",AC Level 2,0.3,18,12.4,39,EVgo,7.2,Tesla,2021,,4.3,8,Weekly
ST0067,28.382181399394305,-101.24984538421552,"645 Main St, City 66",AC Level 2,0.43,63,18.7,320,EVgo,50.0,Tesla,2023,Yes,2.9,2,Monthly
ST0068,44.25272753809695,-98.62645452262372,"4446 Main St, City 67",AC Level 2,0.44,90,27.7,28,ChargePoint,11.0,Type 2,2015,No,3.4,15,Monthly
ST0069,26.7892154483145,-71.55879571936259,"3910 Main St, City 68",AC Level 2,0.17,97,20.6,21,Electrify America,22.0,CCS,2018,Yes,,12,Monthly
ST0070,48.685286478412415,-103.80118291264858,"7306 Main St, City 69",AC Level 2,0.37,10,21.6,13,EVgo,50.0,CCS,2020,Yes,2.7,17,On-demand
ST0071,43.53387446311978,-94.18860962873097,"9105 Main St, City 70",AC Level 1,0.16,53,25.7,44,Tesla,350.0,CHAdeMO,2021,Yes,3.4,1,Monthly
ST0072,29.76917635682014,-78.5481252610137,"2132 Main St, City 71",AC Level 2,0.44,44,10.4,62,EVgo,150.0,CCS,2021,No,3.8,15,Yearly
ST0073,25.132530810966458,-101.00051862536634,"8536 Main St, City 72",AC Level 2,0.4,46,9.1,32,Blink,50.0,CCS,2016,Yes,5.0,14,On-demand
ST0074,44.571074282916015,-87.91897138678334,"371 Main St, City 73",AC Level 2,0.53,11,20.6,92,EVgo,50.0,CHAdeMO,2018,Yes,3.7,16,On-demand
ST0075,41.96457625234281,-73.98290489268878,"3611 Main St, City 74",AC Level 2,0.13,20,31.7,97,ChargePoint,350.0,Type 2,2019,Yes,4.5,9,On-demand
ST0076,42.496172032983694,-68.92780382785676,"1871 Main St, City 75",AC Level 2,0.13,10,15.8,62,EVgo,11.0,Tesla,2015,,3.6,1,Monthly
ST0077,43.5104883204627,-115.4697381061158,"9554 Main St, City 76",DC Fast,0.23,91,4.9,75,Blink,3.3,CHAdeMO,2015,No,4.5,17,On-demand
ST0078,26.777071641618168,-70.25791774063333,"4461 Main St, City 77",AC Level 2,0.22,4,5.2,68,Tesla,11.0,Type 2,2017,No,4.0,13,Monthly
ST0079,33.603177485062545,-95.45725500138678,"7169 Main St, City 78",AC Level 2,0.21,80,25.6,110,Electrify America,11.0,CHAdeMO,2017,Yes,4.7,5,Monthly
ST0080,27.780857428603113,-109.02182547866042,"1020 Main St, City 79",AC Level 1,0.51,55,12.4,92,EVgo,50.0,Type 2,2022,No,3.5,10,On-demand
ST0081,45.714482221014244,-97.37012613818084,"8290 Main St, City 80",AC Level 2,0.21,19,14.9,36,Blink,50.0,CHAdeMO,2023,No,4.0,6,Quarterly
ST0082,39.95915504386139,-67.15811063344233,"3530 Main St, City 81",AC Level 2,0.22,40,22.4,96,Blink,50.0,Type 2,2015,Yes,4.1,19,Quarterly
ST0083,32.94155259646358,-95.42815054841356,"4535 Main St, City 82",AC Level 2,0.44,45,19.8,16,Tesla,3.3,CHAdeMO,2016,,3.5,13,On-demand
ST0084,26.525400406864566,-104.93240660332452,"3860 Main St, City 83",AC Level 2,0.3,11,39.0,17,ChargePoint,50.0,Type 2,2016,No,2.9,1,Quarterly
ST0085,32.46357572117589,-87.2627504496299,"2150 Main St, City 84",AC Level 2,0.45,69,6.2,14,EVgo,11.0,,2018,Yes,2.7,15,Yearly
ST0086,32.804399728641926,-110.07155411086481,"1265 Main St, City 85",AC Level 2,0.13,16,17.9,114,Blink,50.0,Tesla,2016,Yes,2.5,14,Yearly
ST0087,42.51054828011354,-119.59992696969749,"8667 Main St, City 86",DC Fast,0.32,18,5.5,36,Tesla,50.0,Tesla,2021,No,4.7,8,Monthly
ST0088,40.301379312525114,-116.52497612918235,"2133 Main St, City 87",DC Fast,0.12,25,9.9,117,Electrify America,11.0,CCS,2023,No,3.1,10,Quarterly
ST0089,46.29310582183184,-116.5733413404492,"6567 Main St, City 88",DC Fast,0.13,47,29.9,76,Blink,7.2,Type 2,2021,Yes,3.0,9,Yearly
ST0090,36.33315820388678,-115.18964377628693,"245 Main St, City 89",DC Fast,0.51,51,8.0,60,Tesla,7.2,CHAdeMO,2020,Yes,4.3,17,On-demand
ST0091,27.87026190251924,-115.9480239863342,"4488 Main St, City 90",AC Level 1,0.16,95,28.5,22,ChargePoint,150.0,Type 2,2015,Yes,3.3,9,Quarterly
ST0092,42.11787489335188,-86.82926480141356,"7932 Main St, City 91",AC Level 2,0.34,69,11.7,116,ChargePoint,350.0,Tesla,2023,No,3.8,3,Yearly
ST0093,43.25884116680554,-113.4509551048496,"8723 Main St, City 92",AC Level 1,0.28,54,20.8,55,Blink,50.0,Type 2,2019,No,2.9,11,Yearly
ST0094,38.470652741667905,-103.95129756721593,"8996 Main St, City 93",AC Level 2,0.26,99,22.9,76,Blink,7.2,CHAdeMO,2019,No,4.9,12,On-demand
ST0095,43.50321231890946,-71.98627222545132,"8273 Main St, City 94",DC Fast,0.5,74,20.3,31,EVgo,22.0,Type 2,2020,Yes,4.6,10,Monthly
ST0096,36.851094312745374,-96.51022486475341,"2732 Main St, City 95",AC Level 2,0.11,32,4.6,49,Tesla,50.0,CHAdeMO,2023,No,4.7,17,On-demand
ST0097,37.54558790516786,-85.28165116578043,"4594 Main St, City 96",DC Fast,0.4,61,10.6,118,Blink,150.0,Tesla,2022,No,3.5,17,Monthly
ST0098,35.26098444060519,-114.00544747030547,"8156 Main St, City 97",AC Level 1,0.53,87,2.5,36,EVgo,7.2,Tesla,2022,,4.4,11,Yearly
ST0099,25.610059041858285,-112.84723690909709,"7611 Main St, City 98",DC Fast,0.35,22,20.9,87,EVgo,3.3,Tesla,2022,Yes,2.9,4,Monthly
ST0100,27.58939424783931,-121.62962025654423,"9255 Main St, City 99",AC Level 2,0.52,14,35.4,39,Blink,50.0,CCS,2015,No,2.5,7,Yearly
ST0101,25.754300456481623,-114.20176634181446,"1928 Main St, City 100",AC Level 1,0.12,26,6.9,32,ChargePoint,22.0,Tesla,2015,No,2.5,14,Yearly
ST0102,40.27384987033073,-107.8417603361464,"9230 Main St, City 101",AC Level 2,0.29,74,5.9,79,Tesla,11.0,Type 2,2022,No,4.0,7,Quarterly
ST0103,32.54454354583184,-113.73339191194869,"4905 Main St, City 102",AC Level 2,0.22,63,12.8,25,Tesla,3.3,CCS,2019,,3.6,8,Monthly
ST0104,37.205696587952865,-118.85525304209078,"906 Main St, City 103",AC Level 2,0.43,80,17.1,115,ChargePoint,22.0,Tesla,2023,Yes,3.8,1,Monthly
ST0105,46.78159537422623,-117.00311947616515,"9755 Main St, City 104",AC Level 2,0.54,50,25.6,50,Blink,150.0,Type 2,2016,No,2.5,4,Monthly
ST0106,30.983013499572998,-97.2748314541019,"7586 Main St, City 105",DC Fast,0.22,52,13.2,97,Tesla,350.0,Type 2,2023,No,3.6,12,On-demand
ST0107,34.849190152855115,-112.03264433246403,"8302 Main St, City 106",AC Level 2,0.39,77,11.2,101,Blink,50.0,Type 2,2022,No,4.3,3,Quarterly
ST0108,43.13322732503317,-102.87234805921162,"1968 Main St, City 107",AC Level 2,0.19,90,28.2,33,Blink,22.0,CHAdeMO,2023,No,3.6,13,Quarterly
ST0109,30.49115597179894,-94.8017982904183,"7978 Main St, City 108",AC Level 2,0.35,81,22.9,56,EVgo,7.2,CCS,2018,No,4.3,6,Quarterly
ST0110,26.847517835891033,-83.95709993949681,"5790 Main St, City 109",DC Fast,0.31,91,21.5,80,ChargePoint,22.0,Type 2,2015,Yes,3.1,11,On-demand
ST0111,31.95403486993043,-121.71989588921626,"7927 Main St, City 110",AC Level 2,0.54,50,16.4,108,Blink,22.0,CHAdeMO,2015,No,4.5,4,Monthly
ST0112,28.869310894096106,-77.63419686327552,"5529 Main St, City 111",AC Level 2,0.37,46,26.8,59,Electrify America,50.0,Tesla,2019,Yes,4.0,16,Monthly
ST0113,47.312743656221755,-87.58177740952735,"9176 Main St, City 112",AC Level 1,0.26,3,7.1,100,ChargePoint,22.0,Type 2,2016,Yes,3.0,7,Monthly
ST0114,44.39488910954601,-119.25797614696543,"3664 Main St, City 113",AC Level 2,0.15,6,5.5,4,Tesla,11.0,CHAdeMO,2022,Yes,3.1,11,Quarterly
ST0115,40.201690156250166,-73.33243980180691,"1489 Main St, City 114",AC Level 2,0.17,34,24.0,81,EVgo,7.2,Type 2,2019,Yes,,1,Quarterly
ST0116,45.91505416450522,-70.58940076915484,"7374 Main St, City 115",AC Level 2,0.2,47,4.5,70,Tesla,11.0,CCS,2019,No,4.6,7,Yearly
ST0117,44.28812984557875,-120.4574783284179,"924 Main St, City 116",AC Level 2,0.21,72,16.1,86,Tesla,7.2,CCS,2016,No,3.5,12,On-demand
ST0118,29.47768141326486,-107.94109640746218,"2365 Main St, City 117",DC Fast,0.48,71,11.2,11,ChargePoint,7.2,,2021,No,3.1,7,Weekly
ST0119,46.421415963759465,-77.24032577200245,"1036 Main St, City 118",AC Level 1,0.35,44,1.9,84,Tesla,350.0,Type 2,2022,No,4.7,7,Quarterly
ST0120,37.94421380597562,-80.60093795774782,"6502 Main St, City 119",AC Level 2,0.34,80,3.8,26,Blink,22.0,CHAdeMO,2015,Yes,4.2,10,Yearly
ST0121,44.3785637239375,-113.29778087733011,"3945 Main St, City 120",AC Level 2,0.15,80,13.7,69,Tesla,22.0,Tesla,2016,No,3.6,16,Monthly
ST0122,46.50619119816383,-111.8577392464708,"1896 Main St, City 121",DC Fast,0.49,96,27.4,62,EVgo,150.0,Type 2,2018,Yes,3.7,8,Quarterly
ST0123,32.632083399324735,-102.51261803809984,"8345 Main St, City 122",AC Level 2,0.43,95,7.2,30,EVgo,350.0,Tesla,2019,Yes,3.0,9,On-demand
ST0124,27.64124618866424,-95.89766685892076,"7314 Main St, City 123",DC Fast,0.13,71,29.6,20,Electrify America,50.0,CHAdeMO,2016,No,4.1,9,On-demand
ST0125,30.4704439010066,-88.14122325124283,"826 Main St, City 124",AC Level 2,0.42,18,15.8,44,EVgo,150.0,Tesla,2015,Yes,3.4,2,On-demand
ST0126,35.250586927030156,-102.6030089049532,"2836 Main St, City 125",AC Level 1,0.34,62,30.7,67,Tesla,11.0,Tesla,2023,Yes,5.0,13,Monthly
ST0127,44.63235438213984,-97.17298646427741,"2013 Main St, City 126",AC Level 2,0.14,37,7.7,75,EVgo,11.0,Tesla,2015,No,3.7,13,On-demand
ST0128,45.657533998152246,-80.64668558824212,"9888 Main St, City 127",DC Fast,0.31,66,14.4,62,ChargePoint,22.0,Type 2,2018,No,3.7,4,Monthly
ST0129,25.166851132748576,-121.87237423234532,"7757 Main St, City 128",AC Level 2,0.32,58,19.4,44,EVgo,50.0,CHAdeMO,2016,Yes,3.9,12,Monthly
ST0130,37.257935261861576,-109.3586572280468,"2566 Main St, City 129",DC Fast,0.17,68,12.8,26,Blink,50.0,CCS,2018,No,4.8,17,Weekly
ST0131,35.0178640755707,-82.62572401869596,"9141 Main St, City 130",DC Fast,0.53,12,26.4,21,ChargePoint,11.0,Type 2,2022,No,4.5,2,Quarterly
ST0132,30.330587451297525,-72.07800341414244,"7412 Main St, City 131",AC Level 2,0.48,46,11.5,49,Electrify America,7.2,CCS,2022,No,3.6,13,Monthly
ST0133,27.876768816008386,-94.32270835729136,"8294 Main St, City 132",AC Level 2,0.4,60,44.1,84,Blink,50.0,CCS,2023,Yes,4.3,18,Yearly
ST0134,33.10276411368707,-93.1374178546117,"8006 Main St, City 133",AC Level 2,0.31,30,25.3,88,Tesla,7.2,Type 2,2019,No,4.0,15,On-demand
ST0135,47.629832893900456,-117.78402334229298,"4976 Main St, City 134",AC Level 2,0.29,79,12.9,25,Tesla,50.0,Type 2,2021,No,3.7,8,Quarterly
ST0136,32.75687036849813,-98.05008272423963,"7387 Main St, City 135",DC Fast,0.39,95,8.4,12,Tesla,50.0,CHAdeMO,2017,No,,15,On-demand
ST0137,37.45097492184078,-93.10819854560866,"992 Main St, City 136",DC Fast,0.35,21,4.6,111,Blink,50.0,CHAdeMO,2018,No,3.7,1,Monthly
ST0138,41.87245501348427,-109.93671078918568,"4775 Main St, City 137",AC Level 2,0.13,92,22.7,99,Blink,150.0,Tesla,2023,Yes,3.1,10,Quarterly
ST0139,33.72711045710305,-108.38389260493591,"2033 Main St, City 138",AC Level 2,0.33,85,26.9,56,Blink,150.0,,2015,Yes,4.8,12,Yearly
ST0140,48.322769985303054,-102.1175185399319,"1480 Main St, City 139",DC Fast,0.46,42,13.0,29,ChargePoint,22.0,CHAdeMO,2016,No,3.3,5,Monthly
ST0141,48.09873507861067,-122.83587052889187,"1390 Main St, City 140",AC Level 2,0.31,66,28.3,70,ChargePoint,50.0,Tesla,2019,Yes,4.9,9,On-demand
ST0142,31.04277509980874,-105.31940839617566,"1740 Main St, City 141",DC Fast,0.12,53,4.1,64,Tesla,50.0,CHAdeMO,2017,No,3.8,8,Yearly
ST0143,36.93396414141725,-111.73601559420041,"7590 Main St, City 142",AC Level 2,0.45,9,2.0,242,EVgo,7.2,Type 2,2016,Yes,4.1,16,Monthly
ST0144,32.22107943560247,-105.00515357368096,"9279 Main St, City 143",AC Level 2,0.19,41,36.8,6,Tesla,3.3,CHAdeMO,2015,No,3.9,14,Yearly
ST0145,31.83617186505922,-117.05379635448342,"1318 Main St, City 144",AC Level 1,0.22,63,22.1,52,Electrify America,11.0,CCS,2017,No,2.8,13,Weekly
ST0146,25.88528673650879,-72.34941771708608,"5116 Main St, City 145",AC Level 2,0.17,20,31.8,22,ChargePoint,22.0,CHAdeMO,2015,Yes,3.4,13,Quarterly
ST0147,39.629544015517524,-89.57163769386517,"6981 Main St, City 146",AC Level 2,0.25,79,4.8,13,Blink,50.0,CCS,2015,Yes,2.7,5,Monthly
ST0148,37.064296557492675,-84.6120654896196,"9647 Main St, City 147",AC Level 2,0.44,75,3.9,51,ChargePoint,150.0,Type 2,2015,No,4.1,16,Quarterly
ST0149,26.235490029999745,-78.22806816077437,"9852 Main St, City 148",AC Level 2,0.33,65,10.7,5,Blink,7.2,CCS,2022,,3.6,11,Monthly
ST0150,31.687515141678674,-95.09035246211468,"9710 Main St, City 149",DC Fast,0.19,40,5.1,119,Electrify America,7.2,,2017,Yes,4.4,5,Monthly
ST0151,46.79838126319969,-118.95862329092942,"1054 Main St, City 150",DC Fast,0.5,23,23.5,114,Electrify America,350.0,Tesla,2015,Yes,3.1,13,On-demand
ST0152,30.74948537600734,-92.84782057452423,"9275 Main St, City 151",AC Level 2,0.5,34,6.0,43,ChargePoint,7.2,Type 2,2021,No,2.9,11,Yearly
ST0153,28.477476930189354,-89.96321515478901,"7391 Main St, City 152",AC Level 1,0.49,55,0.9,85,Blink,22.0,CHAdeMO,2017,No,3.5,19,Yearly
ST0154,36.74686624666151,-80.76451049730886,"1074 Main St, City 153",AC Level 1,0.21,29,16.7,39,Electrify America,50.0,Type 2,2022,Yes,4.8,3,Yearly
ST0155,48.655610898654416,-98.9637463186786,"4233 Main St, City 154",AC Level 2,0.3,56,0.5,26,Tesla,22.0,Type 2,2018,No,4.3,15,Monthly
ST0156,30.80932651627601,-116.60034243785731,"5470 Main St, City 155",AC Level 2,0.54,93,6.6,15,Tesla,7.2,CHAdeMO,2018,Yes,3.5,7,Monthly
ST0157,41.13125313774108,-107.54099746367399,"4072 Main St, City 156",AC Level 2,0.45,46,16.6,76,Blink,7.2,CHAdeMO,2019,,3.8,7,Monthly
ST0158,43.278870767889224,-102.94122680887916,"5395 Main St, City 157",AC Level 2,0.11,34,6.0,33,ChargePoint,7.2,Tesla,2020,Yes,2.7,6,Quarterly
ST0159,30.70330105581759,-86.53680000276714,"9205 Main St, City 158",AC Level 2,0.13,18,24.3,12,Electrify America,50.0,Type 2,2021,Yes,5.0,3,Quarterly
ST0160,42.47719236668463,-90.89485832920312,"8328 Main St, City 159",AC Level 2,0.31,7,1.7,62,ChargePoint,22.0,Type 2,2018,Yes,4.2,13,On-demand
ST0161,33.82679518526208,-103.34638989792492,"3120 Main St, City 160",AC Level 2,0.51,25,11.9,19,Tesla,11.0,CHAdeMO,2022,No,3.2,7,Monthly
ST0162,40.17533993424591,-66.78211557000718,"9087 Main St, City 161",DC Fast,0.34,70,11.5,28,Electrify America,50.0,CCS,2020,Yes,4.0,5,Yearly
ST0163,40.204713058261476,-88.86506047730055,"4136 Main St, City 162",AC Level 1,0.32,29,16.7,56,ChargePoint,150.0,CHAdeMO,2015,Yes,2.8,18,Yearly
ST0164,37.8585924177942,-110.24084607931232,"5168 Main St, City 163",AC Level 2,0.15,6,20.9,55,EVgo,3.3,Type 2,2015,Yes,4.9,8,On-demand
ST0165,27.1669544813058,-118.09661658801659,"5333 Main St, City 164",AC Level 2,0.4,66,17.1,83,Blink,22.0,CHAdeMO,2023,No,2.9,17,Yearly
ST0166,45.04725989414171,-115.13416992730875,"9616 Main St, City 165",AC Level 2,0.47,64,2.3,88,Blink,50.0,Tesla,2020,Yes,,1,On-demand
ST0167,32.69872155932166,-109.73445175369852,"417 Main St, City 166",DC Fast,0.27,35,23.6,76,EVgo,11.0,CCS,2022,Yes,3.1,14,Monthly
ST0168,29.4764442495965,-114.68048035094577,"2496 Main St, City 167",AC Level 2,0.45,24,26.5,22,Tesla,11.0,CHAdeMO,2021,No,4.3,17,Yearly
ST0169,25.978603397314334,-113.17911260502427,"2262 Main St, City 168",DC Fast,0.53,36,0.5,45,Electrify America,50.0,Tesla,2020,No,,10,Monthly
ST0170,39.1814306365178,-107.46448021575686,"2845 Main St, City 169",AC Level 1,0.19,0,12.8,6,Blink,150.0,Type 2,2018,Yes,4.2,12,Quarterly
ST0171,41.261544684214776,-113.94433147290422,"1691 Main St, City 170",AC Level 1,0.34,14,11.7,88,EVgo,150.0,CHAdeMO,2021,No,,16,Yearly
ST0172,25.39810789426855,-71.98760537166734,"6283 Main St, City 171",DC Fast,0.23,36,17.6,42,EVgo,50.0,Type 2,2023,No,4.7,14,Quarterly
ST0173,37.29023339918274,-119.34644275162475,"4030 Main St, City 172",AC Level 2,0.46,12,12.5,60,Tesla,50.0,Tesla,2021,No,2.7,16,Yearly
ST0174,30.435898604750513,-93.57833940492523,"1412 Main St, City 173",AC Level 2,0.36,7,14.2,90,Tesla,22.0,Type 2,2015,Yes,3.3,8,Monthly
ST0175,40.484146969826796,-100.19698403459964,"9577 Main St, City 174",AC Level 1,0.39,4,22.7,106,ChargePoint,50.0,Tesla,2023,No,3.1,10,On-demand
ST0176,29.184794296119794,-67.02204021930083,"4411 Main St, City 175",AC Level 1,0.46,59,1.6,55,Blink,22.0,Tesla,2018,Yes,5.0,17,Monthly
ST0177,41.58250571445918,-117.50174367425296,"7414 Main St, City 176",DC Fast,0.28,72,23.8,75,ChargePoint,7.2,Tesla,2017,No,3.5,18,Monthly
ST0178,34.2816483112129,-100.92437525534699,"2483 Main St, City 177",AC Level 2,0.51,0,28.7,23,EVgo,50.0,CHAdeMO,2018,No,4.3,16,Monthly
ST0179,47.48151972968163,-67.7707148700286,"3339 Main St, City 178",AC Level 2,0.34,35,34.6,84,Electrify America,50.0,Type 2,2018,Yes,4.2,17,Yearly
ST0180,28.300502659503838,-73.80058669814915,"2239 Main St, City 179",AC Level 2,0.17,34,10.7,66,Electrify America,22.0,Type 2,2016,No,3.0,16,On-demand
ST0181,33.1855924252062,-76.60981988494177,"1804 Main St, City 180",AC Level 2,0.41,65,12.8,65,Tesla,350.0,CCS,2015,Yes,3.1,19,Quarterly
ST0182,27.723364509774136,-109.0416360313935,"7024 Main St, City 181",AC Level 1,0.46,62,8.6,72,Electrify America,3.3,CCS,2015,No,3.2,8,Monthly
ST0183,47.192646838685505,-114.08851993137618,"462 Main St, City 182",AC Level 2,0.24,22,14.2,5,Electrify America,11.0,CCS,2022,No,3.5,6,Yearly
ST0184,46.05614448114355,-85.218693244383,"2704 Main St, City 183",AC Level 1,0.49,8,16.7,66,Electrify America,7.2,CCS,2016,Yes,3.1,6,Quarterly
ST0185,31.190599065163735,-70.09619263060003,"4386 Main St, City 184",DC Fast,0.51,33,10.2,16,EVgo,150.0,,2019,Yes,2.5,9,Monthly
ST0186,40.8396171048203,-91.70775220519207,"3838 Main St, City 185",AC Level 2,0.22,45,18.6,105,Electrify America,50.0,Tesla,2018,No,4.7,4,Quarterly
ST0187,44.613332804829184,-90.8464640107458,"2569 Main St, City 186",AC Level 2,0.54,77,20.8,77,Electrify America,11.0,,2022,Yes,4.9,12,Monthly
ST0188,38.3248194783871,-107.76121256770352,"4895 Main St, City 187",DC Fast,0.16,3,30.0,23,Electrify America,50.0,CHAdeMO,2016,Yes,3.4,12,Quarterly
ST0189,37.71161388054416,-79.36940987486766,"6250 Main St, City 188",AC Level 2,0.19,29,15.6,87,ChargePoint,22.0,Tesla,2023,Yes,3.3,17,Quarterly
ST0190,30.80445498161084,-113.15146258366364,"656 Main St, City 189",AC Level 2,0.18,94,50.1,115,EVgo,150.0,Type 2,2021,No,2.5,15,On-demand
ST0191,27.23446642734158,-105.22660428855386,"9117 Main St, City 190",AC Level 2,0.5,74,18.7,48,Tesla,22.0,Type 2,2021,No,4.2,9,On-demand
ST0192,46.53317819087984,-99.32468656024783,"2908 Main St, City 191",AC Level 2,0.39,98,37.1,82,ChargePoint,22.0,Type 2,2015,Yes,4.6,7,Monthly
ST0193,46.61003337191993,-94.55859803630162,"5250 Main St, City 192",AC Level 2,0.17,71,13.0,94,Blink,350.0,CHAdeMO,2016,Yes,2.9,10,Yearly
ST0194,40.19443497455843,-109.94023551992535,"7661 Main St, City 193",DC Fast,0.3,2,31.2,47,EVgo,11.0,CCS,2018,Yes,2.9,16,On-demand
ST0195,33.136714985168815,-117.3394641651262,"2819 Main St, City 194",AC Level 2,0.38,13,12.8,15,EVgo,7.2,Tesla,2018,Yes,4.5,12,Quarterly
ST0196,33.38102979070386,-88.5840375383853,"6606 Main St, City 195",AC Level 2,0.14,59,8.4,51,Blink,50.0,Type 2,2017,Yes,4.0,7,On-demand
ST0197,42.422936292885744,-107.25942791206516,"3841 Main St, City 196",DC Fast,0.5,76,20.0,21,Blink,350.0,Type 2,2021,No,2.6,18,On-demand
ST0198,46.53064623886185,-90.28818315748849,"9866 Main St, City 197",AC Level 2,0.46,44,11.4,51,Blink,22.0,CCS,2022,Yes,,15,Monthly
ST0199,46.290074182362815,-115.04696251409626,"4098 Main St, City 198",AC Level 1,0.33,95,22.0,113,Tesla,7.2,Type 2,2016,Yes,3.3,6,On-demand
ST0200,43.717013100582975,-96.09387409242058,"2503 Main St, City 199",AC Level 2,0.54,33,27.1,34,Electrify America,11.0,Tesla,2018,Yes,3.4,12,On-demand
ST0201,40.40875950770291,-93.10981291200802,"8880 Main St, City 200",DC Fast,0.29,44,2.9,324,EVgo,22.0,CHAdeMO,2017,No,4.4,11,Quarterly
ST0202,27.019359159881173,-120.99423486429924,"9839 Main St, City 201",AC Level 2,0.54,60,27.2,44,Electrify America,7.2,Type 2,2016,No,4.5,3,On-demand
ST0203,28.87908913827073,-104.4769518647526,"394 Main St, City 202",AC Level 2,0.4,82,15.1,80,Electrify America,50.0,Tesla,2020,No,3.5,2,Quarterly
ST0204,46.5653005246499,-116.20394873753949,"5443 Main St, City 203",AC Level 2,0.39,15,31.2,13,Blink,350.0,Type 2,2018,Yes,4.9,6,On-demand
ST0205,39.55429743183016,-120.32425171257947,"9982 Main St, City 204",AC Level 2,0.17,65,12.5,41,Tesla,22.0,CCS,2020,Yes,3.5,5,On-demand
ST0206,25.220729238799112,-66.58230652138317,"1236 Main St, City 205",AC Level 1,0.5,39,9.4,119,ChargePoint,22.0,Type 2,2016,Yes,4.4,18,Yearly
ST0207,27.43531702878477,-105.30347699146607,"2164 Main St, City 206",AC Level 2,0.29,16,15.3,21,Tesla,22.0,Type 2,2018,Yes,3.7,16,On-demand
ST0208,40.92404245859334,-77.02728214043117,"7109 Main St, City 207",DC Fast,0.17,33,16.2,95,Electrify America,7.2,CHAdeMO,2020,No,4.7,8,Quarterly
ST0209,25.121478012309247,-109.2308420237017,"4643 Main St, City 208",AC Level 2,0.11,15,7.0,39,Tesla,150.0,CCS,2019,No,4.8,11,Quarterly
ST0210,28.85939323401997,-84.4728421110121,"1107 Main St, City 209",AC Level 2,0.35,59,9.0,4,Blink,22.0,CCS,2017,No,2.7,10,Monthly
ST0211,38.169610944798066,-79.90678412639818,"5545 Main St, City 210",DC Fast,0.34,65,0.3,29,ChargePoint,22.0,CHAdeMO,2022,No,4.8,12,Monthly
ST0212,41.60548474462464,-89.45295304474503,"5452 Main St, City 211",DC Fast,0.42,65,9.8,57,Blink,50.0,Type 2,2021,Yes,4.6,6,Yearly
ST0213,40.64707022806241,-96.64858106409082,"9539 Main St, City 212",AC Level 2,0.5,89,23.1,91,ChargePoint,22.0,Tesla,2017,No,4.5,5,Quarterly
ST0214,30.382463427053434,-100.11322697945843,"1535 Main St, City 213",AC Level 2,0.14,12,13.4,95,Electrify America,50.0,CCS,2020,Yes,3.0,9,Quarterly
ST0215,42.092301312340865,-103.76564054050627,"671 Main St, City 214",AC Level 2,0.43,55,27.1,14,ChargePoint,7.2,CCS,2018,Yes,4.5,16,Quarterly
ST0216,30.6939780999232,-70.08730963362609,"2482 Main St, City 215",DC Fast,0.18,30,12.8,78,ChargePoint,150.0,Type 2,2019,No,4.6,14,Yearly
ST0217,32.80959275582242,-75.82407434831171,"9537 Main St, City 216",DC Fast,0.49,33,2.2,67,ChargePoint,350.0,,2019,,3.2,8,Quarterly
ST0218,42.915793722832575,-68.02843918134226,"5184 Main St, City 217",AC Level 2,0.47,38,22.2,38,Tesla,50.0,CCS,2021,Yes,4.9,19,Monthly
ST0219,40.59118957713315,-116.79076103783841,"377 Main St, City 218",DC Fast,0.34,66,6.9,50,Tesla,350.0,Type 2,2019,Yes,2.6,14,Yearly
ST0220,45.38136185186027,-81.60968643818863,"7159 Main St, City 219",AC Level 2,0.42,7,12.2,103,Electrify America,7.2,Tesla,2017,No,2.9,7,Monthly
ST0221,40.782709415208245,-69.5762535043798,"1987 Main St, City 220",AC Level 2,0.24,86,29.9,67,ChargePoint,22.0,,2019,No,3.8,5,Monthly
ST0222,38.63940648005132,-113.4884821623917,"1365 Main St, City 221",AC Level 1,0.31,77,1.1,37,EVgo,50.0,Tesla,2021,Yes,3.9,18,Yearly
ST0223,27.248194427874218,-120.1432164927269,"7591 Main St, City 222",DC Fast,0.47,54,17.0,55,Electrify America,50.0,Tesla,2019,No,4.1,2,On-demand
ST0224,33.8251792734264,-81.01500234117657,"1140 Main St, City 223",AC Level 1,0.31,26,14.5,236,ChargePoint,22.0,Type 2,2019,Yes,2.5,11,On-demand
ST0225,31.36485682436141,-90.6805594355651,"9209 Main St, City 224",DC Fast,0.26,92,23.4,76,ChargePoint,11.0,Tesla,2023,Yes,4.9,8,Monthly
ST0226,30.855751441098008,-75.17393094802023,"8173 Main St, City 225",DC Fast,0.32,52,25.3,73,Tesla,7.2,Type 2,2017,No,2.6,1,On-demand
ST0227,48.35225331405869,-115.89320215567521,"9177 Main St, City 226",DC Fast,0.47,38,18.2,109,Electrify America,22.0,CHAdeMO,2020,No,,12,Quarterly
ST0228,34.43434539200225,-77.87449591212638,"2852 Main St, City 227",AC Level 1,0.25,64,10.7,41,ChargePoint,7.2,Type 2,2015,No,2.5,2,Yearly
ST0229,46.409117324250715,-112.30561543723081,"8313 Main St, City 228",AC Level 2,0.18,16,20.7,44,ChargePoint,50.0,Tesla,2019,Yes,3.9,18,Monthly
ST0230,40.14732702393431,-114.50795531378914,"4669 Main St, City 229",AC Level 2,0.42,29,31.0,23,Electrify America,11.0,CHAdeMO,2022,No,4.8,7,Quarterly
ST0231,44.075471284999566,-114.4725837200024,"6453 Main St, City 230",AC Level 2,0.47,52,14.7,21,EVgo,7.2,Type 2,2019,No,4.2,17,On-demand
ST0232,37.063290234524615,-76.75466622657984,"2453 Main St, City 231",AC Level 1,0.15,12,11.8,9,Electrify America,50.0,Tesla,2023,No,4.6,14,Quarterly
ST0233,38.84569323103262,-85.4185611996204,"7537 Main St, City 232",DC Fast,0.21,20,19.7,206,Electrify America,50.0,CCS,2020,Yes,2.5,7,On-demand
ST0234,36.82042465165273,-93.66220536339108,"4899 Main St, City 233",AC Level 2,0.16,18,15.5,41,EVgo,150.0,CCS,2022,No,3.9,3,Monthly
ST0235,29.685831707153067,-103.18783192083686,"786 Main St, City 234",AC Level 2,0.26,52,1.1,91,Electrify America,50.0,Type 2,2022,No,,6,Quarterly
ST0236,42.338850766276124,-73.12236863283972,"8576 Main St, City 235",AC Level 2,0.3,18,17.9,31,ChargePoint,11.0,,2017,Yes,3.7,2,Yearly
ST0237,31.73853669858054,-101.23818376948715,"4911 Main St, City 236",AC Level 2,0.44,56,1.2,82,Electrify America,150.0,CCS,2021,No,2.7,17,Monthly
ST0238,25.583583194354894,-76.63723251064853,"9054 Main St, City 237",AC Level 2,0.39,24,19.5,85,EVgo,22.0,Tesla,2021,Yes,4.2,12,Quarterly
ST0239,40.49133510177202,-98.53017530292733,"5446 Main St, City 238",AC Level 2,0.38,85,5.4,117,Blink,7.2,,2020,No,3.8,12,Quarterly
ST0240,29.250656305769176,-102.13722309335536,"5143 Main St, City 239",DC Fast,0.26,30,15.4,56,Electrify America,50.0,Tesla,2021,No,4.4,17,On-demand
ST0241,47.571006024469945,-97.16457243116282,"2528 Main St, City 240",AC Level 2,0.48,80,19.7,17,Tesla,350.0,,2016,No,3.7,10,Monthly
ST0242,47.8942858480621,-106.52008329847976,"5226 Main St, City 241",DC Fast,0.31,54,44.4,47,ChargePoint,22.0,CHAdeMO,2023,No,2.9,3,Monthly
ST0243,46.956745365290764,-80.63865594977744,"8320 Main St, City 242",DC Fast,0.54,22,23.9,63,ChargePoint,11.0,CHAdeMO,2015,No,4.1,18,Monthly
ST0244,33.883808806130666,-94.8422173746362,"9198 Main St, City 243",AC Level 2,0.39,31,31.4,108,Tesla,7.2,CHAdeMO,2015,Yes,2.9,13,Monthly
ST0245,25.37095879669282,-110.5316636814846,"7913 Main St, City 244",DC Fast,0.16,61,37.5,8,Tesla,7.2,CHAdeMO,2017,Yes,4.7,12,On-demand
ST0246,47.27964550210541,-71.82467475007502,"9745 Main St, City 245",AC Level 1,0.4,73,20.9,81,Electrify America,22.0,CHAdeMO,2017,No,4.0,17,Yearly
ST0247,35.27641955961555,-101.73430916035375,"3456 Main St, City 246",DC Fast,0.25,9,18.4,46,Tesla,50.0,Type 2,2015,Yes,2.9,4,Monthly
ST0248,48.199715657048074,-92.47393405538867,"8807 Main St, City 247",AC Level 2,0.41,99,2.2,60,Blink,7.2,Type 2,2021,Yes,,10,On-demand
ST0249,48.12687945014207,-71.42461756405628,"7366 Main St, City 248",DC Fast,0.13,71,13.6,112,EVgo,350.0,CHAdeMO,2018,,3.8,11,Yearly
ST0250,45.47222693121664,-87.79419623698845,"6640 Main St, City 249",DC Fast,0.18,53,6.3,57,Tesla,150.0,Type 2,2016,Yes,2.7,6,Yearly
ST0251,32.066773409670056,-117.21991363891489,"138 Main St, City 250",DC Fast,0.49,51,10.2,49,Tesla,50.0,Type 2,2019,Yes,4.1,6,On-demand
ST0252,34.242345486446204,-69.48973683041845,"3442 Main St, City 251",DC Fast,0.2,19,37.4,28,Blink,150.0,CHAdeMO,2020,No,3.1,9,Monthly
ST0253,45.42728011640457,-87.59293292185777,"9178 Main St, City 252",AC Level 2,0.48,31,16.4,54,ChargePoint,7.2,Tesla,2023,Yes,4.5,15,Yearly
ST0254,32.606128123750665,-104.575474349889,"2944 Main St, City 253",AC Level 1,0.23,13,4.5,88,ChargePoint,22.0,Type 2,2018,No,4.5,2,Weekly
ST0255,29.06782592046622,-115.92221978552354,"1198 Main St, City 254",AC Level 2,0.39,49,31.5,89,Electrify America,50.0,Tesla,2016,No,4.9,4,Monthly
ST0256,38.363230299000406,-77.94653902232284,"7127 Main St, City 255",AC Level 2,0.41,27,26.5,74,Blink,150.0,Type 2,2019,No,3.8,5,Quarterly
ST0257,47.46771457985874,-88.03578015614622,"1923 Main St, City 256",AC Level 2,0.33,52,27.1,36,EVgo,150.0,Type 2,2017,Yes,3.6,17,Monthly
ST0258,41.70471512019935,-93.05925666537335,"3255 Main St, City 257",AC Level 2,0.24,23,9.1,52,EVgo,11.0,CHAdeMO,2016,No,4.4,8,Quarterly
ST0259,38.68146808214476,-72.15423018304446,"3193 Main St, City 258",DC Fast,0.2,78,38.4,85,Blink,350.0,Type 2,2015,No,2.8,8,Yearly
ST0260,27.332235850498446,-78.26136174897721,"5758 Main St, City 259",AC Level 2,0.11,21,8.3,38,EVgo,7.2,CCS,2016,No,3.9,12,On-demand
ST0261,39.76017344078007,-115.20285697550042,"3878 Main St, City 260",DC Fast,0.24,29,24.3,107,ChargePoint,150.0,CCS,2020,Yes,3.9,8,Quarterly
ST0262,48.76129240250232,-105.9201200678582,"2996 Main St, City 261",AC Level 1,0.39,62,45.3,82,EVgo,350.0,CHAdeMO,2022,No,2.7,19,On-demand
ST0263,28.362016365676578,-109.58762989076098,"1088 Main St, City 262",DC Fast,0.52,3,40.9,112,EVgo,7.2,Tesla,2017,No,3.5,3,Yearly
ST0264,37.43991165672968,-80.85111503078474,"4216 Main St, City 263",DC Fast,0.49,76,3.3,96,Blink,50.0,Tesla,2023,No,4.6,18,Monthly
ST0265,46.05695372627093,-122.0551187853248,"6546 Main St, City 264",AC Level 2,0.44,58,2.3,58,Blink,3.3,Tesla,2023,,4.6,19,Yearly
ST0266,42.778446826100904,-90.94639827746364,"4279 Main St, City 265",AC Level 2,0.45,86,32.2,9,EVgo,22.0,CCS,2016,No,2.7,19,On-demand
ST0267,41.72837778388643,-79.77739622703996,"1782 Main St, City 266",DC Fast,0.4,7,16.7,80,Tesla,22.0,Tesla,2022,No,2.7,15,Yearly
ST0268,41.85961801569062,-73.14759306781853,"5726 Main St, City 267",AC Level 2,0.22,81,9.0,96,Blink,50.0,Tesla,2019,Yes,3.2,6,Monthly
ST0269,33.627787629274124,-104.15925857447736,"7524 Main St, City 268",AC Level 2,0.51,11,22.5,118,Electrify America,350.0,CHAdeMO,2018,No,4.7,16,Yearly
ST0270,32.04620426234784,-76.36707632902326,"1033 Main St, City 269",AC Level 2,0.4,30,13.0,314,Electrify America,50.0,Tesla,2019,Yes,2.8,8,Monthly
ST0271,44.42466773148433,-117.58335925659799,"3698 Main St, City 270",AC Level 1,0.35,77,23.4,111,ChargePoint,22.0,CCS,2018,Yes,4.3,16,Quarterly
ST0272,44.442721472300335,-74.90576707939795,"2080 Main St, City 271",AC Level 2,0.15,33,15.8,21,EVgo,150.0,CCS,2022,Yes,2.8,18,On-demand
ST0273,45.80973564592249,-116.60565758474502,"3156 Main St, City 272",AC Level 1,0.3,81,23.7,104,Tesla,350.0,CCS,2018,No,4.1,16,Monthly
ST0274,46.91777326135531,-100.95733714749869,"9084 Main St, City 273",AC Level 1,0.31,97,4.3,54,ChargePoint,3.3,CHAdeMO,2020,Yes,3.4,11,Monthly
ST0275,37.272217572662505,-77.7568687847859,"891 Main St, City 274",AC Level 1,0.49,74,32.1,13,EVgo,350.0,CHAdeMO,2016,No,4.5,7,Yearly
ST0276,37.03639107249279,-115.30478921377112,"5490 Main St, City 275",DC Fast,0.35,75,23.4,50,Blink,7.2,Type 2,2019,No,3.1,17,Quarterly
ST0277,44.159084295202604,-110.70341907650679,"6735 Main St, City 276",AC Level 2,0.27,48,22.8,18,Electrify America,150.0,,2020,Yes,4.1,17,Monthly
ST0278,40.59913433866636,-82.10935103320216,"2355 Main St, City 277",DC Fast,0.54,78,1.6,65,Tesla,11.0,CHAdeMO,2019,Yes,3.1,12,Quarterly
ST0279,41.84720505418488,-82.23788088032768,"3710 Main St, City 278",AC Level 2,0.15,56,35.4,43,Electrify America,7.2,CCS,2016,Yes,4.3,13,Quarterly
ST0280,44.09902406646643,-86.81343729265276,"1707 Main St, City 279",AC Level 2,0.29,94,14.8,95,Blink,22.0,CCS,2021,No,,10,Yearly
ST0281,46.36012820362159,-83.7509902209082,"5279 Main St, City 280",AC Level 2,0.12,92,23.7,30,EVgo,50.0,CHAdeMO,2018,No,2.8,7,Monthly
ST0282,33.11188376443686,-92.52198228583941,"6673 Main St, City 281",AC Level 2,0.43,25,11.1,20,Blink,22.0,CHAdeMO,2022,No,4.7,14,Yearly
ST0283,34.01399086335866,-109.39565458339675,"1084 Main St, City 282",AC Level 1,0.51,17,18.1,111,Blink,7.2,CHAdeMO,2021,Yes,4.0,1,On-demand
ST0284,27.255566556180856,-103.94963237677267,"5876 Main St, City 283",AC Level 2,0.23,95,18.6,12,Electrify America,50.0,Type 2,2021,No,2.8,17,On-demand
ST0285,38.878723383908174,-113.46733242551731,"3776 Main St, City 284",AC Level 2,0.49,85,18.8,99,Tesla,350.0,CCS,2023,No,3.6,4,Monthly
ST0286,25.86261457112181,-71.30986744264956,"3480 Main St, City 285",AC Level 2,0.23,37,22.0,51,Blink,22.0,Type 2,2015,No,2.9,5,Quarterly
ST0287,36.174352435179046,-90.16327590356502,"8811 Main St, City 286",AC Level 2,0.51,80,38.6,72,Electrify America,11.0,Type 2,2020,No,4.3,7,Monthly
ST0288,38.02347123298184,-100.75061782770888,"8882 Main St, City 287",AC Level 2,0.44,86,21.5,109,Tesla,22.0,Tesla,2020,Yes,4.4,10,Monthly
ST0289,31.876990051078828,-97.20366338864031,"1150 Main St, City 288",AC Level 1,0.46,87,3.5,248,EVgo,3.3,CCS,2020,Yes,2.8,17,On-demand
ST0290,39.17999825365626,-69.05756630251472,"3733 Main St, City 289",DC Fast,0.11,49,22.8,35,EVgo,150.0,CCS,2020,Yes,3.8,7,On-demand
ST0291,25.732005998537186,-115.10561861926735,"6442 Main St, City 290",AC Level 2,0.53,7,27.7,21,ChargePoint,150.0,CHAdeMO,2021,Yes,4.5,1,Quarterly
ST0292,25.896356529981148,-89.99866974302576,"1059 Main St, City 291",AC Level 1,0.43,40,21.1,51,Electrify America,50.0,CHAdeMO,2020,Yes,4.8,7,Quarterly
ST0293,44.742413455831795,-94.65845662470097,"6159 Main St, City 292",DC Fast,0.24,5,14.1,103,Tesla,22.0,Tesla,2015,Yes,3.8,11,Monthly
ST0294,33.64457539387031,-88.53565434479043,"8984 Main St, City 293",AC Level 1,0.47,68,12.1,89,Blink,150.0,Type 2,2017,Yes,4.9,9,Yearly
ST0295,28.049452303645236,-122.94960933839126,"5755 Main St, City 294",AC Level 2,0.23,43,12.0,11,EVgo,50.0,CHAdeMO,2016,No,3.8,12,Monthly
ST0296,37.53383824131531,-73.41681328123921,"4573 Main St, City 295",DC Fast,0.49,63,23.4,33,Tesla,150.0,CHAdeMO,2020,No,3.5,3,Quarterly
ST0297,43.47984527436666,-69.93713961595049,"3046 Main St, City 296",AC Level 2,0.15,28,1.9,53,Electrify America,50.0,CCS,2022,No,4.6,4,Yearly
ST0298,30.179704659924237,-91.22227535182589,"7825 Main St, City 297",AC Level 1,0.42,27,10.5,16,ChargePoint,150.0,CCS,2017,,3.7,4,On-demand
ST0299,39.949371419656,-83.59425221514024,"626 Main St, City 298",AC Level 1,0.34,10,34.1,102,EVgo,50.0,CHAdeMO,2022,Yes,3.7,13,Quarterly
ST0300,27.048339159850432,-70.49503589171685,"3324 Main St, City 299",AC Level 2,0.14,64,34.6,85,Tesla,22.0,CCS,2022,,3.7,19,Quarterly
ST0301,26.240361308046584,-82.98015920982289,"1975 Main St, City 300",AC Level 1,0.21,18,2.7,4,Tesla,350.0,Tesla,2019,Yes,4.6,10,Yearly
ST0302,37.75251115763555,-115.15273551097285,"1863 Main St, City 301",AC Level 2,0.11,8,1.4,38,Tesla,22.0,CHAdeMO,2022,No,4.6,5,Quarterly
ST0303,37.97524291864256,-90.57527511032484,"8812 Main St, City 302",AC Level 1,0.31,26,11.8,41,Electrify America,50.0,CCS,2020,Yes,3.5,7,Quarterly
ST0304,40.298317635956955,-88.81052730979437,"5897 Main St, City 303",AC Level 2,0.24,33,25.7,73,Electrify America,11.0,Tesla,2019,No,3.3,16,Quarterly
ST0305,42.42619200934388,-99.40042106446161,"9308 Main St, City 304",DC Fast,0.37,43,6.9,41,Electrify America,50.0,CCS,2023,Yes,3.7,1,Quarterly
ST0306,48.42044990710083,-81.28623433376607,"7199 Main St, City 305",DC Fast,0.23,67,14.3,109,Blink,50.0,CCS,2021,Yes,3.9,12,Quarterly
ST0307,37.391208359228685,-69.80671314339713,"5209 Main St, City 306",AC Level 2,0.23,99,9.3,57,Tesla,7.2,CCS,2022,No,3.1,2,Quarterly
ST0308,32.750955350589905,-70.31702625140697,"6744 Main St, City 307",AC Level 2,0.43,81,30.9,24,EVgo,7.2,CHAdeMO,2015,Yes,4.5,7,Quarterly
ST0309,44.084468674448885,-97.85131645856033,"216 Main St, City 308",AC Level 2,0.12,14,5.1,105,Electrify America,50.0,Type 2,2016,No,3.7,11,Quarterly
ST0310,31.49997403028978,-117.4321933412362,"2533 Main St, City 309",AC Level 2,0.51,50,16.1,12,Electrify America,150.0,CCS,2022,No,3.3,13,On-demand
ST0311,35.53531409693527,-66.8792104601846,"5563 Main St, City 310",AC Level 2,0.48,12,10.3,111,Tesla,22.0,Tesla,2023,No,2.8,2,Quarterly
ST0312,26.882953152214384,-75.34391098613582,"683 Main St, City 311",AC Level 1,0.4,82,32.6,65,Electrify America,11.0,CHAdeMO,2018,No,3.1,7,On-demand
ST0313,25.60841784197098,-116.76956449021053,"8686 Main St, City 312",DC Fast,0.37,48,22.2,9,Blink,50.0,CHAdeMO,2023,No,4.9,15,On-demand
ST0314,48.1035619522702,-70.5911708081924,"3888 Main St, City 313",AC Level 2,0.5,69,8.0,94,Blink,7.2,Tesla,2018,Yes,3.3,11,Monthly
ST0315,45.06352289229294,-73.54601100039656,"4267 Main St, City 314",AC Level 2,0.18,55,25.2,95,Electrify America,22.0,CCS,2023,No,2.9,2,Weekly
ST0316,41.70338094624875,-93.90739268668781,"8565 Main St, City 315",AC Level 2,0.14,75,10.3,57,Tesla,7.2,Type 2,2021,No,3.7,7,On-demand
ST0317,34.81487066594248,-89.70602472679411,"1489 Main St, City 316",AC Level 2,0.21,50,27.0,61,Tesla,7.2,CCS,2016,No,3.3,4,On-demand
ST0318,29.1590636817003,-100.85784317553245,"8457 Main St, City 317",DC Fast,0.46,36,12.2,11,Tesla,11.0,Tesla,2023,Yes,2.6,11,Quarterly
ST0319,28.754489024106064,-120.82382494832218,"9859 Main St, City 318",DC Fast,0.12,16,27.7,40,ChargePoint,22.0,CHAdeMO,2018,No,3.3,2,Monthly
ST0320,31.00582955595029,-104.55855998453775,"6254 Main St, City 319",DC Fast,0.36,57,20.2,29,Electrify America,7.2,Type 2,2022,No,3.9,16,Yearly
ST0321,38.18143995294689,-77.43449998131533,"5520 Main St, City 320",AC Level 1,0.55,86,54.1,50,Tesla,22.0,CHAdeMO,2021,No,3.9,7,Monthly
ST0322,42.1503021448015,-123.73134266573304,"9020 Main St, City 321",AC Level 2,0.49,89,14.4,37,Blink,22.0,Tesla,2021,Yes,3.4,13,On-demand
ST0323,40.84473704122555,-104.65704804191364,"2143 Main St, City 322",AC Level 2,0.33,28,19.6,14,EVgo,22.0,CCS,2022,Yes,3.6,5,On-demand
ST0324,31.718413526702626,-100.90621577172529,"4297 Main St, City 323",AC Level 1,0.13,32,9.2,97,EVgo,22.0,Type 2,2015,Yes,4.9,17,Quarterly
ST0325,47.91676673591666,-92.83105502960048,"3596 Main St, City 324",AC Level 2,0.47,59,15.0,37,Tesla,150.0,CHAdeMO,2019,No,3.4,12,Quarterly
ST0326,42.709526000698446,-70.6483742480599,"878 Main St, City 325",DC Fast,0.37,90,17.4,102,EVgo,7.2,CHAdeMO,2016,No,3.1,19,Monthly
ST0327,38.30449726027362,-103.91193232677425,"313 Main St, City 326",AC Level 1,0.15,88,20.6,27,EVgo,22.0,CHAdeMO,2016,No,3.1,7,Quarterly
ST0328,39.681297909624455,-103.8767142900188,"3862 Main St, City 327",AC Level 2,0.14,54,31.1,87,ChargePoint,7.2,CCS,2015,Yes,3.6,6,Yearly
ST0329,35.07040149826696,-81.22492760963459,"9868 Main St, City 328",AC Level 2,0.51,9,19.8,5,Blink,7.2,Type 2,2019,Yes,4.4,8,Yearly
ST0330,30.94554374802778,-97.77135942839118,"6831 Main St, City 329",AC Level 1,0.4,46,0.8,96,Blink,50.0,CCS,2016,No,3.0,13,Quarterly
ST0331,33.543344287630276,-110.97292026948105,"3217 Main St, City 330",AC Level 2,0.47,22,5.4,83,ChargePoint,50.0,CCS,2018,No,4.3,5,Yearly
ST0332,43.188306651144856,-97.75850806430378,"5891 Main St, City 331",DC Fast,0.5,84,14.2,65,ChargePoint,150.0,CCS,2017,No,2.6,2,Yearly
ST0333,25.34544372711414,-115.83029281797161,"8883 Main St, City 332",DC Fast,0.36,20,26.7,39,EVgo,50.0,Tesla,2017,Yes,3.5,9,Monthly
ST0334,27.78574337216599,-113.76955478263905,"2820 Main St, City 333",DC Fast,0.33,12,2.9,89,Electrify America,350.0,Tesla,2016,No,4.4,11,Yearly
ST0335,26.104063408522066,-95.09466918111018,"9005 Main St, City 334",AC Level 2,0.29,100,14.7,88,EVgo,3.3,Tesla,2020,Yes,3.3,6,On-demand
ST0336,25.977491255655284,-99.70232392873622,"9227 Main St, City 335",AC Level 1,0.24,32,13.2,23,ChargePoint,7.2,Type 2,2016,No,3.9,7,On-demand
ST0337,45.53105401626417,-70.9389377380502,"6147 Main St, City 336",AC Level 2,0.3,23,32.9,3,Blink,3.3,CCS,2022,Yes,3.0,7,Monthly
ST0338,41.887788625120564,-102.98115385123528,"8132 Main St, City 337",AC Level 2,0.45,10,16.0,32,EVgo,7.2,CCS,2022,No,4.4,19,Quarterly
ST0339,36.3801718980958,-90.32587568387348,"101 Main St, City 338",DC Fast,0.37,16,24.7,12,Electrify America,22.0,Tesla,2019,Yes,2.6,6,Monthly
ST0340,27.348019855624035,-87.32867130066724,"6468 Main St, City 339",AC Level 1,0.5,67,21.6,93,EVgo,50.0,CCS,2021,No,4.6,11,Quarterly
ST0341,36.79878100280398,-123.24052151787664,"2049 Main St, City 340",AC Level 2,0.3,46,31.3,47,Tesla,3.3,CCS,2018,No,3.0,11,Quarterly
ST0342,36.36332249873358,-85.51483242303078,"6832 Main St, City 341",AC Level 2,0.37,24,12.1,97,EVgo,350.0,CHAdeMO,2015,No,4.7,7,Quarterly
ST0343,29.156844877840363,-113.67391392155442,"7933 Main St, City 342",AC Level 2,0.38,93,37.4,63,ChargePoint,150.0,CCS,2016,Yes,3.4,2,Quarterly
ST0344,35.412439581711354,-68.2579215867716,"1017 Main St, City 343",DC Fast,0.37,72,8.8,70,Blink,11.0,CHAdeMO,2018,Yes,4.3,19,Quarterly
ST0345,34.56411362553696,-115.37756179031945,"3274 Main St, City 344",AC Level 2,0.42,20,25.3,65,Blink,7.2,CCS,2015,Yes,3.3,4,Monthly
ST0346,39.780402353253194,-99.95180082383263,"7114 Main St, City 345",AC Level 2,0.21,83,4.6,103,ChargePoint,7.2,Type 2,2022,No,4.8,6,Quarterly
ST0347,40.24224762082345,-119.04971925143866,"189 Main St, City 346",AC Level 2,0.33,82,9.1,11,Tesla,7.2,Tesla,2023,Yes,2.8,17,Yearly
ST0348,26.08729623452907,-66.18129339293506,"1809 Main St, City 347",AC Level 2,0.15,82,21.8,41,ChargePoint,7.2,CHAdeMO,2018,No,2.9,5,Yearly
ST0349,33.99070275103531,-94.87268940078793,"3141 Main St, City 348",DC Fast,0.27,11,21.7,111,EVgo,22.0,Tesla,2017,No,3.7,7,Quarterly
ST0350,40.020637977141675,-89.46766899543746,"205 Main St, City 349",DC Fast,0.32,36,22.3,25,ChargePoint,11.0,CHAdeMO,2016,No,2.7,9,Yearly
ST0351,37.07527020592211,-120.1095643114712,"9178 Main St, City 350",DC Fast,0.39,41,1.6,100,ChargePoint,22.0,CHAdeMO,2019,Yes,3.0,1,On-demand
ST0352,45.55575618851974,-80.50229271684769,"8719 Main St, City 351",DC Fast,0.53,16,32.4,45,Tesla,350.0,CHAdeMO,2017,No,4.9,1,Monthly
ST0353,40.80864715885468,-111.82547560045603,"1995 Main St, City 352",AC Level 2,0.37,100,4.2,113,EVgo,50.0,Type 2,2021,Yes,4.9,19,Monthly
ST0354,28.910426249954313,-71.9128512124386,"6190 Main St, City 353",AC Level 2,0.43,47,5.8,61,Electrify America,350.0,CCS,2020,No,3.4,6,Quarterly
ST0355,26.693649937610317,-112.10190085204358,"8608 Main St, City 354",AC Level 2,0.33,27,22.7,63,Electrify America,7.2,CHAdeMO,2015,No,4.8,18,Quarterly
ST0356,40.41806267695158,-112.94011220150733,"6182 Main St, City 355",AC Level 2,0.39,40,11.6,88,Blink,22.0,Type 2,2022,Yes,3.9,10,On-demand
ST0357,25.636271452998923,-121.8801192648105,"734 Main St, City 356",DC Fast,0.13,98,18.7,18,ChargePoint,50.0,,2016,Yes,3.2,11,Quarterly
ST0358,39.05861395056312,-96.62011718362004,"2025 Main St, City 357",AC Level 1,0.21,46,10.9,66,Blink,7.2,CCS,2019,No,4.3,1,Yearly
ST0359,47.56552579419898,-91.23921427076824,"2156 Main St, City 358",DC Fast,0.26,17,18.4,96,Tesla,3.3,CHAdeMO,2023,No,4.1,1,On-demand
ST0360,38.81138026902109,-120.18889891315557,"7017 Main St, City 359",AC Level 2,0.31,77,17.6,96,Electrify America,50.0,Type 2,2022,,,13,Yearly
ST0361,34.31607822895653,-79.0193982316894,"3244 Main St, City 360",AC Level 2,0.12,98,8.9,107,ChargePoint,50.0,CCS,2016,No,3.2,5,Monthly
ST0362,40.438917242616476,-97.7092475846144,"9731 Main St, City 361",AC Level 2,0.16,70,9.9,58,Tesla,22.0,Type 2,2023,Yes,4.2,1,Yearly
ST0363,35.9980693717964,-93.58536437900035,"652 Main St, City 362",DC Fast,0.22,12,12.4,56,Tesla,22.0,CCS,2019,Yes,2.6,3,Monthly
ST0364,38.09480294358244,-98.43576067758276,"9007 Main St, City 363",AC Level 2,0.54,81,14.6,107,ChargePoint,22.0,CCS,2020,No,2.8,18,Yearly
ST0365,47.59515541063661,-100.7557424692311,"5483 Main St, City 364",AC Level 2,0.25,100,10.6,228,Tesla,3.3,Tesla,2017,No,2.5,9,Monthly
ST0366,34.26646330721859,-91.54086078412337,"4011 Main St, City 365",AC Level 1,0.32,12,7.0,57,ChargePoint,11.0,Tesla,2017,No,5.0,14,Quarterly
ST0367,48.06857353177394,-114.99606573601868,"3489 Main St, City 366",AC Level 2,0.19,99,34.1,99,ChargePoint,7.2,Tesla,2022,Yes,4.5,17,Yearly
ST0368,46.72841540694553,-113.44816843127427,"9399 Main St, City 367",AC Level 2,0.37,30,7.3,10,EVgo,7.2,CCS,2016,No,4.5,14,Monthly
ST0369,29.698987234943115,-74.016433981216,"8542 Main St, City 368",DC Fast,0.23,1,12.3,23,Blink,350.0,CHAdeMO,2016,Yes,3.8,4,Yearly
ST0370,26.66467122100397,-69.12530319624929,"2530 Main St, City 369",AC Level 2,0.19,15,13.9,14,Tesla,50.0,Type 2,2019,Yes,3.3,5,On-demand
ST0371,27.41867203305824,-102.34805965577434,"558 Main St, City 370",AC Level 2,0.33,8,34.1,90,Tesla,50.0,Type 2,2020,No,2.9,17,Quarterly
ST0372,25.437323815637193,-108.29680895767387,"307 Main St, City 371",AC Level 1,0.1,72,9.4,49,EVgo,11.0,Type 2,2016,Yes,3.2,2,Monthly
ST0373,27.26663105814228,-86.64802649213709,"999 Main St, City 372",AC Level 1,0.1,37,16.2,19,EVgo,22.0,Tesla,2019,No,3.4,5,On-demand
ST0374,41.39216256199256,-100.29341807631042,"121 Main St, City 373",DC Fast,0.2,74,28.4,116,EVgo,11.0,CCS,2021,No,4.4,4,Yearly
ST0375,26.708527563045497,-122.5275913717,"8701 Main St, City 374",AC Level 1,0.12,53,6.9,77,Electrify America,7.2,Tesla,2022,Yes,,4,On-demand
ST0376,32.65541512705027,-114.94314935276095,"994 Main St, City 375",AC Level 1,0.15,55,26.6,41,Electrify America,7.2,CHAdeMO,2021,Yes,2.7,6,Yearly
ST0377,45.27700746326691,-82.47361072685095,"614 Main St, City 376",AC Level 1,0.25,85,9.7,18,Electrify America,150.0,CCS,2022,Yes,2.5,13,Quarterly
ST0378,25.55852645765982,-85.78241136921122,"7394 Main St, City 377",DC Fast,0.46,96,21.6,16,ChargePoint,50.0,Type 2,2023,Yes,2.8,5,On-demand
ST0379,44.547243582134456,-122.42843243479795,"5004 Main St, City 378",DC Fast,0.36,99,33.9,107,Tesla,22.0,Tesla,2019,No,3.5,7,Quarterly
ST0380,31.764514594561597,-111.12561460788893,"7967 Main St, City 379",AC Level 2,0.33,86,8.0,16,Blink,22.0,Tesla,2019,No,4.8,1,Monthly
ST0381,27.83595586291975,-110.59766179789186,"4209 Main St, City 380",AC Level 2,0.23,44,28.4,80,ChargePoint,350.0,CHAdeMO,2018,Yes,4.1,14,Yearly
ST0382,41.72169196873962,-85.03022087127376,"7279 Main St, City 381",AC Level 2,0.52,33,37.0,64,Tesla,7.2,CHAdeMO,2023,Yes,4.5,4,Yearly
ST0383,40.09462832271721,-122.85678881024688,"1660 Main St, City 382",DC Fast,0.28,8,11.9,40,Tesla,11.0,,2019,No,3.7,17,Quarterly
ST0384,46.05932832464927,-117.96170224489472,"1366 Main St, City 383",AC Level 2,0.14,87,10.9,14,EVgo,11.0,CHAdeMO,2016,No,3.4,14,Quarterly
ST0385,42.64170505129326,-77.60486704835502,"3738 Main St, City 384",AC Level 2,0.38,7,4.2,82,EVgo,150.0,Type 2,2022,Yes,2.8,16,Monthly
ST0386,44.28354232923637,-113.64440960084865,"9041 Main St, City 385",AC Level 2,0.15,6,8.9,33,ChargePoint,350.0,CHAdeMO,2021,Yes,4.7,14,On-demand
ST0387,31.768829741711357,-86.14072574459126,"3527 Main St, City 386",AC Level 1,0.26,35,5.2,10,EVgo,11.0,CHAdeMO,2022,No,4.5,16,Yearly
ST0388,29.25854905071335,-110.18539869928986,"4880 Main St, City 387",AC Level 2,0.33,17,4.2,41,Tesla,150.0,Tesla,2017,Yes,2.9,8,Yearly
ST0389,43.0147540393806,-118.23239921995798,"2027 Main St, City 388",DC Fast,0.49,2,29.4,21,EVgo,150.0,Tesla,2018,Yes,3.8,3,Monthly
ST0390,44.364033742414335,-109.89601292203166,"2456 Main St, City 389",AC Level 2,0.32,27,5.5,91,Electrify America,11.0,CCS,2019,No,3.7,19,Monthly
ST0391,48.77212340801616,-82.10851795237177,"4890 Main St, City 390",AC Level 1,0.42,69,18.1,92,EVgo,22.0,CCS,2020,No,4.1,1,Quarterly
ST0392,34.902824245874235,-74.36960484983543,"406 Main St, City 391",AC Level 1,0.55,43,15.5,86,Tesla,22.0,,2015,No,4.9,2,Quarterly
ST0393,33.9284340590268,-75.84724785511449,"8079 Main St, City 392",DC Fast,0.16,20,33.0,83,ChargePoint,350.0,CHAdeMO,2018,No,3.9,15,On-demand
ST0394,43.63391105780792,-100.96335528212961,"3765 Main St, City 393",AC Level 2,0.22,27,9.0,78,Blink,7.2,CHAdeMO,2019,No,3.9,10,Monthly
ST0395,33.17928496607243,-85.25106207890252,"7157 Main St, City 394",DC Fast,0.28,53,19.6,81,EVgo,150.0,CCS,2021,Yes,2.6,18,On-demand
ST0396,47.33817581448555,-112.11091086588239,"761 Main St, City 395",AC Level 2,0.29,53,24.5,74,Tesla,11.0,CCS,2019,Yes,2.7,14,Monthly
ST0397,45.60190604423228,-106.99743164486122,"4744 Main St, City 396",AC Level 2,0.28,64,32.9,64,Blink,50.0,CCS,2015,Yes,3.0,17,Yearly
ST0398,35.29585665700044,-72.01252252577505,"8603 Main St, City 397",AC Level 2,0.51,99,8.8,77,Blink,22.0,,2021,Yes,2.6,13,Monthly
ST0399,43.02090562699594,-123.24588843637731,"3020 Main St, City 398",AC Level 1,0.42,20,7.6,45,Electrify America,50.0,Type 2,2022,No,4.4,1,Monthly
ST0400,43.10902897803238,-119.04050521044086,"9374 Main St, City 399",AC Level 2,0.37,98,2.3,39,Blink,150.0,CCS,2021,No,,5,Yearly
ST0401,27.474972852062383,-111.94259720153042,"9046 Main St, City 400",DC Fast,0.24,12,41.8,84,Tesla,150.0,CHAdeMO,2018,No,2.8,13,Monthly
ST0402,46.6612697603096,-122.46113217531845,"6336 Main St, City 401",AC Level 2,0.47,56,31.6,61,Tesla,150.0,CCS,2022,No,4.6,14,On-demand
ST0403,37.126056938748576,-113.47674476479176,"6178 Main St, City 402",AC Level 2,0.53,48,14.5,72,EVgo,7.2,Type 2,2019,Yes,2.9,3,Quarterly
ST0404,44.8349791865858,-90.18358946375785,"452 Main St, City 403",AC Level 1,0.47,53,38.2,100,EVgo,50.0,CHAdeMO,2023,Yes,3.3,15,Quarterly
ST0405,32.68119042473468,-99.55737606563511,"9194 Main St, City 404",DC Fast,0.1,9,13.8,49,EVgo,7.2,Type 2,2019,No,3.1,19,On-demand
ST0406,46.49255748390881,-72.22504075753545,"7105 Main St, City 405",DC Fast,0.39,52,23.7,19,Blink,22.0,CHAdeMO,2015,No,,17,Yearly
ST0407,34.34084028961992,-76.58827341917043,"258 Main St, City 406",AC Level 2,0.12,43,15.1,17,Blink,22.0,Type 2,2023,No,,3,Monthly
ST0408,25.26010363552716,-104.17459360152318,"1056 Main St, City 407",DC Fast,0.22,46,19.8,56,Electrify America,22.0,CHAdeMO,2019,No,,16,On-demand
ST0409,46.729167434062326,-108.95344086098504,"2171 Main St, City 408",AC Level 2,0.13,52,18.5,40,EVgo,22.0,CHAdeMO,2020,No,3.5,14,Quarterly
ST0410,27.190880242867205,-101.97784032629852,"8695 Main St, City 409",AC Level 2,0.37,73,9.9,69,ChargePoint,350.0,CHAdeMO,2018,No,5.0,12,Quarterly
ST0411,32.66352730216995,-89.76289333414115,"9679 Main St, City 410",DC Fast,0.41,45,28.1,60,Electrify America,7.2,CHAdeMO,2020,Yes,2.6,12,On-demand
ST0412,47.80148720921932,-108.45230883227318,"3553 Main St, City 411",DC Fast,0.15,12,23.6,90,ChargePoint,50.0,Tesla,2022,No,2.9,11,Quarterly
ST0413,47.81457152650135,-87.79936334475022,"6775 Main St, City 412",AC Level 2,0.27,36,27.3,97,Blink,22.0,Type 2,2017,No,2.6,17,On-demand
ST0414,38.76250931495886,-100.25412417290806,"1055 Main St, City 413",AC Level 1,0.31,23,18.8,63,Electrify America,7.2,Type 2,2019,Yes,4.1,8,Quarterly
ST0415,40.164093092075184,-91.98126351058514,"6395 Main St, City 414",AC Level 2,0.27,1,4.1,105,Electrify America,7.2,Tesla,2016,No,2.6,17,On-demand
ST0416,35.76269252747967,-98.70466131015164,"1812 Main St, City 415",DC Fast,0.15,85,35.5,14,Tesla,350.0,,2016,Yes,4.6,11,Monthly
ST0417,32.03705852075355,-106.92098594656878,"4803 Main St, City 416",AC Level 2,0.29,80,11.8,110,Blink,150.0,CHAdeMO,2021,No,3.8,2,Monthly
ST0418,32.88794908887798,-68.98970819619491,"6663 Main St, City 417",AC Level 2,0.44,99,19.4,82,Blink,350.0,Type 2,2020,Yes,3.8,10,Monthly
ST0419,41.14044294584892,-79.71086393873387,"9565 Main St, City 418",AC Level 2,0.13,13,22.6,357,Electrify America,350.0,Tesla,2018,No,3.9,10,Monthly
ST0420,43.05698870650432,-115.87343580554575,"5731 Main St, City 419",AC Level 2,0.14,9,19.3,102,Blink,11.0,CHAdeMO,2019,Yes,2.9,11,Quarterly
ST0421,43.99789704942037,-73.62885739792105,"9733 Main St, City 420",AC Level 2,0.26,34,26.0,7,Electrify America,22.0,CHAdeMO,2015,No,3.0,6,Yearly
ST0422,43.95083542706929,-95.72899050152822,"1494 Main St, City 421",DC Fast,0.52,24,27.9,84,Tesla,50.0,CHAdeMO,2021,Yes,3.3,4,On-demand
ST0423,27.18894647316857,-72.1159708401427,"9561 Main St, City 422",AC Level 2,0.4,2,12.3,78,Electrify America,22.0,CCS,2022,Yes,4.0,12,Yearly
ST0424,36.86608731286196,-77.60839515505572,"4832 Main St, City 423",AC Level 1,0.41,16,34.5,61,Blink,22.0,Tesla,2023,No,3.0,11,Quarterly
ST0425,26.38141024039946,-99.33761674078445,"3814 Main St, City 424",AC Level 2,0.26,11,11.8,91,Blink,22.0,CHAdeMO,2022,No,2.8,13,Quarterly
ST0426,38.18869317576966,-122.69678011743319,"629 Main St, City 425",DC Fast,0.37,53,19.0,15,Electrify America,50.0,CCS,2019,Yes,4.9,5,Yearly
ST0427,35.59673203296105,-108.41671315567312,"3058 Main St, City 426",AC Level 2,0.1,23,10.3,96,Electrify America,50.0,Tesla,2017,,2.6,6,Yearly
ST0428,46.30490038619919,-92.58521554966973,"8004 Main St, City 427",AC Level 2,0.39,28,6.9,55,Electrify America,7.2,,2023,,4.5,1,Quarterly
ST0429,33.42196030124989,-87.25826325008346,"3691 Main St, City 428",DC Fast,0.51,42,27.5,5,EVgo,22.0,Type 2,2020,No,4.5,6,Quarterly
ST0430,27.80960839426254,-109.04251424487427,"6995 Main St, City 429",DC Fast,0.38,24,52.5,40,Blink,50.0,CCS,2019,No,3.2,18,On-demand
ST0431,28.43180036926806,-115.9173477037762,"9231 Main St, City 430",DC Fast,0.49,99,10.7,73,Blink,50.0,CCS,2017,Yes,2.8,9,Monthly
ST0432,43.27625516121933,-75.57404626564065,"625 Main St, City 431",DC Fast,0.43,59,29.6,26,EVgo,11.0,CHAdeMO,2020,No,2.9,15,Monthly
ST0433,39.837233519590264,-66.90467351919398,"6577 Main St, City 432",AC Level 2,0.15,89,11.1,353,Electrify America,50.0,CHAdeMO,2017,Yes,4.2,8,On-demand
ST0434,27.426944226946965,-93.50996942644423,"101 Main St, City 433",DC Fast,0.51,64,14.9,33,Tesla,3.3,CCS,2020,Yes,4.1,19,Yearly
ST0435,27.01856334675994,-114.04260142079839,"474 Main St, City 434",AC Level 2,0.13,83,36.1,60,Electrify America,22.0,Type 2,2018,No,4.5,16,Quarterly
ST0436,41.82325915501888,-108.20617506187659,"4748 Main St, City 435",DC Fast,0.34,27,2.1,103,Electrify America,150.0,Type 2,2016,No,4.8,6,Yearly
ST0437,26.746312152740643,-122.93334076024694,"2465 Main St, City 436",DC Fast,0.16,15,1.1,64,EVgo,50.0,Tesla,2022,No,4.2,6,Monthly
ST0438,44.724641422968546,-70.97066921949106,"1625 Main St, City 437",DC Fast,0.11,46,14.0,39,Blink,11.0,CHAdeMO,2018,Yes,2.9,3,Weekly
ST0439,41.94981345175591,-117.17043719237182,"1746 Main St, City 438",AC Level 2,0.29,80,23.0,93,Electrify America,50.0,Type 2,2023,Yes,3.1,10,Yearly
ST0440,26.952370735405594,-90.5620444201733,"113 Main St, City 439",AC Level 2,0.23,91,20.6,54,Blink,50.0,Tesla,2021,Yes,4.6,1,Monthly
ST0441,27.036105138044604,-108.10479720014206,"4699 Main St, City 440",AC Level 2,0.32,57,19.3,95,ChargePoint,150.0,Type 2,2016,No,3.0,14,Quarterly
ST0442,48.67934988402821,-91.85767585408398,"2378 Main St, City 441",DC Fast,0.36,75,15.4,68,Blink,50.0,CHAdeMO,2018,Yes,2.7,4,On-demand
ST0443,33.98249909814689,-86.21761747559188,"3255 Main St, City 442",DC Fast,0.12,26,24.4,29,Tesla,50.0,Tesla,2019,Yes,4.3,12,Yearly
ST0444,33.89541152960538,-75.8749753849823,"8421 Main St, City 443",AC Level 1,0.16,52,20.0,4,Tesla,22.0,Tesla,2017,Yes,3.5,6,Quarterly
ST0445,44.507189614180064,-112.02756623788501,"3914 Main St, City 444",AC Level 2,0.35,41,6.0,110,Electrify America,7.2,Tesla,2023,No,4.8,11,Quarterly
ST0446,47.73396585721261,-123.36224193780814,"3316 Main St, City 445",AC Level 1,0.25,58,13.9,119,Blink,11.0,Type 2,2019,Yes,4.1,12,Monthly
ST0447,48.664025531748905,-116.06063345600919,"8319 Main St, City 446",DC Fast,0.43,46,23.5,99,Electrify America,22.0,CHAdeMO,2016,No,2.7,10,Quarterly
ST0448,43.081076446214595,-71.79891877280991,"2213 Main St, City 447",DC Fast,0.39,93,32.9,81,EVgo,50.0,Tesla,2017,Yes,4.9,18,Yearly
ST0449,34.03023005274198,-73.31437550137412,"9544 Main St, City 448",AC Level 2,0.48,33,4.4,23,Tesla,22.0,CCS,2023,No,3.1,7,Quarterly
ST0450,27.00401720076805,-89.35004007412212,"4456 Main St, City 449",AC Level 2,0.41,36,32.5,97,Electrify America,11.0,CHAdeMO,2021,Yes,3.3,7,On-demand
ST0451,43.651525982258484,-89.17002209484811,"5643 Main St, City 450",DC Fast,0.29,5,9.6,39,EVgo,3.3,CCS,2016,No,3.5,11,Quarterly
ST0452,38.40170199365932,-85.42787287631718,"4655 Main St, City 451",DC Fast,0.4,6,13.4,73,Electrify America,22.0,CCS,2023,No,2.6,4,Quarterly
ST0453,35.18132822192743,-113.82846583983992,"7162 Main St, City 452",AC Level 2,0.22,95,22.0,73,Blink,11.0,Tesla,2018,Yes,3.7,1,On-demand
ST0454,46.752505242273664,-70.96410713635234,"3474 Main St, City 453",AC Level 2,0.24,95,12.6,63,Blink,50.0,Tesla,2023,No,2.8,13,Quarterly
ST0455,27.668739575347633,-99.71130955625976,"6530 Main St, City 454",AC Level 2,0.46,24,28.3,58,Blink,3.3,Type 2,2016,No,3.5,18,Quarterly
ST0456,36.82300250298062,-101.77796536152914,"3566 Main St, City 455",AC Level 2,0.3,32,10.1,7,Blink,50.0,Type 2,2018,No,3.4,9,Monthly
ST0457,25.272487474418057,-93.90277309359541,"3181 Main St, City 456",AC Level 2,0.46,54,10.3,79,ChargePoint,350.0,Type 2,2019,No,4.4,9,Yearly
ST0458,36.247855407859035,-121.2759739270468,"729 Main St, City 457",AC Level 2,0.47,57,27.6,33,EVgo,7.2,CHAdeMO,2016,Yes,4.5,9,Monthly
ST0459,26.351278616364098,-114.35556461214739,"369 Main St, City 458",DC Fast,0.49,6,5.8,100,EVgo,22.0,Type 2,2015,Yes,2.9,10,Yearly
ST0460,27.851629990433725,-81.19405024727052,"5824 Main St, City 459",AC Level 2,0.51,56,18.0,11,Blink,7.2,CCS,2021,Yes,3.4,2,On-demand
ST0461,27.820629922650518,-119.19767726034266,"5997 Main St, City 460",DC Fast,0.29,11,4.9,4,ChargePoint,50.0,Type 2,2015,Yes,3.4,6,On-demand
ST0462,40.581047250785524,-89.01717765094949,"3532 Main St, City 461",AC Level 2,0.24,15,36.8,60,Blink,50.0,Tesla,2022,Yes,2.9,15,On-demand
ST0463,42.90507710237016,-109.76975163848338,"9572 Main St, City 462",AC Level 2,0.36,79,29.5,77,ChargePoint,22.0,Type 2,2017,Yes,4.5,3,Yearly
ST0464,39.00085036233183,-101.42085438556536,"6376 Main St, City 463",AC Level 1,0.27,42,48.0,50,Blink,22.0,CHAdeMO,2020,Yes,4.3,11,Yearly
ST0465,48.092141163389,-107.25576326729941,"5995 Main St, City 464",AC Level 2,0.37,99,31.1,60,Tesla,150.0,CHAdeMO,2021,No,3.0,6,Yearly
ST0466,33.99689390856889,-103.37098244503295,"7215 Main St, City 465",DC Fast,0.42,76,1.4,32,Tesla,7.2,CCS,2015,Yes,3.4,3,On-demand
ST0467,31.857090070764656,-82.29533749931376,"6756 Main St, City 466",DC Fast,0.41,6,23.0,94,Electrify America,3.3,CHAdeMO,2020,Yes,2.8,11,Yearly
ST0468,45.846379076547045,-106.76694049385586,"675 Main St, City 467",AC Level 1,0.27,99,4.0,70,Blink,150.0,Type 2,2021,No,4.1,15,Quarterly
ST0469,30.366300124466864,-91.14853086277996,"7129 Main St, City 468",AC Level 2,0.18,50,33.9,63,EVgo,50.0,Tesla,2020,Yes,2.8,13,Monthly
ST0470,48.11734094657467,-96.38907667245222,"6199 Main St, City 469",DC Fast,0.29,72,1.8,53,Electrify America,150.0,CHAdeMO,2018,Yes,5.0,10,On-demand
ST0471,25.291707392555594,-85.50707240896641,"9599 Main St, City 470",AC Level 2,0.16,31,1.2,90,Tesla,50.0,CCS,2015,Yes,4.5,6,Weekly
ST0472,48.27709184098334,-69.66387511916403,"3292 Main St, City 471",AC Level 2,0.5,74,4.3,42,Blink,150.0,Type 2,2023,No,3.5,15,Quarterly
ST0473,26.035837886813827,-81.51081836180549,"3278 Main St, City 472",DC Fast,0.26,7,9.1,32,Electrify America,22.0,CCS,2018,No,3.9,18,Yearly
ST0474,46.3874347287537,-111.53345804173611,"6152 Main St, City 473",AC Level 2,0.17,96,6.7,86,Blink,50.0,CHAdeMO,2021,Yes,4.8,18,Monthly
ST0475,37.664826618071196,-122.19137816644549,"2834 Main St, City 474",AC Level 2,0.11,86,0.1,85,Tesla,350.0,CHAdeMO,2021,No,3.9,7,Quarterly
ST0476,48.83115510686321,-108.78868543061014,"6216 Main St, City 475",AC Level 2,0.39,88,38.9,104,Electrify America,50.0,CCS,2016,No,2.9,15,Quarterly
ST0477,26.771117553649574,-89.48548001938522,"3668 Main St, City 476",DC Fast,0.39,71,21.4,23,Tesla,7.2,Type 2,2015,No,3.4,18,Monthly
ST0478,38.2925028256317,-121.01730281791347,"9947 Main St, City 477",AC Level 2,0.25,44,19.9,202,ChargePoint,11.0,CHAdeMO,2022,No,4.6,18,On-demand
ST0479,48.26326085485837,-95.21075766232829,"9871 Main St, City 478",AC Level 1,0.13,85,34.1,14,Tesla,7.2,Tesla,2022,No,4.1,9,Monthly
ST0480,37.55434826008357,-89.38311476282043,"2303 Main St, City 479",DC Fast,0.28,58,18.1,46,Blink,11.0,CHAdeMO,2021,Yes,4.1,2,On-demand
ST0481,40.105567315246304,-104.61385433261627,"1490 Main St, City 480",AC Level 1,0.24,3,6.0,43,EVgo,11.0,Type 2,2022,Yes,4.7,8,Yearly
ST0482,41.697968535630814,-79.28709218274233,"1842 Main St, City 481",DC Fast,0.4,66,5.4,115,Tesla,50.0,CHAdeMO,2017,No,4.7,2,On-demand
ST0483,35.90898555442656,-117.81730131824123,"2025 Main St, City 482",AC Level 2,0.37,28,5.3,50,EVgo,50.0,CCS,2016,No,4.8,11,Yearly
ST0484,40.06139392201752,-119.6420086593231,"719 Main St, City 483",DC Fast,0.26,28,33.1,21,ChargePoint,22.0,CHAdeMO,2021,No,2.7,7,Monthly
ST0485,39.02354348615441,-81.765052140191,"1374 Main St, City 484",AC Level 2,0.2,97,0.1,117,Electrify America,50.0,CHAdeMO,2022,No,3.9,6,Yearly
ST0486,46.62779225178373,-95.26150366004049,"1056 Main St, City 485",AC Level 2,0.54,97,19.2,78,Electrify America,7.2,Type 2,2015,No,4.4,10,Quarterly
ST0487,26.090713128194988,-84.0726610071913,"2039 Main St, City 486",AC Level 1,0.3,27,27.4,82,EVgo,7.2,CCS,2023,Yes,4.4,5,Yearly
ST0488,31.74311655021353,-98.78001436098272,"4053 Main St, City 487",AC Level 2,0.41,76,18.4,55,Electrify America,7.2,Type 2,2018,No,4.0,11,On-demand
ST0489,47.809875617837406,-109.70868207213181,"1068 Main St, City 488",DC Fast,0.16,78,19.8,37,Tesla,22.0,CHAdeMO,2018,No,2.9,1,On-demand
ST0490,46.36633081338199,-76.49206557489642,"9608 Main St, City 489",DC Fast,0.32,86,22.9,98,EVgo,11.0,Tesla,2017,No,4.5,2,On-demand
ST0491,35.93576206685711,-77.6338790197992,"9335 Main St, City 490",AC Level 2,0.11,43,19.6,2,Blink,11.0,CHAdeMO,2020,No,4.3,1,Yearly
ST0492,39.88318234723688,-83.70760469044325,"381 Main St, City 491",AC Level 2,0.33,89,34.3,16,Tesla,22.0,Type 2,2015,No,2.7,19,On-demand
ST0493,31.657148391547185,-108.21558204066216,"6362 Main St, City 492",DC Fast,0.53,3,2.5,78,Tesla,150.0,Tesla,2020,Yes,3.7,2,On-demand
ST0494,29.514907833370273,-89.76662132159295,"1158 Main St, City 493",DC Fast,0.27,89,17.9,18,Tesla,3.3,Type 2,2016,No,2.9,4,Quarterly
ST0495,36.12876171855957,-103.06351397747845,"4393 Main St, City 494",AC Level 2,0.12,8,6.8,25,Blink,50.0,Type 2,2023,Yes,3.3,12,Yearly
ST0496,33.48045347262527,-118.68823974705522,"5278 Main St, City 495",AC Level 2,0.11,4,9.9,59,ChargePoint,50.0,CCS,2016,No,2.5,18,Quarterly
ST0497,39.00774668442093,-70.79581262318992,"7080 Main St, City 496",AC Level 2,0.27,55,14.0,73,Electrify America,150.0,Tesla,2021,No,3.5,1,Weekly
ST0498,26.865631287159637,-116.06451940670024,"9300 Main St, City 497",AC Level 2,0.17,95,21.5,115,EVgo,350.0,CHAdeMO,2015,Yes,3.9,1,On-demand
ST0499,48.385475383987995,-68.88623347839345,"1329 Main St, City 498",AC Level 1,0.11,83,34.6,92,ChargePoint,3.3,Type 2,2021,No,4.0,14,On-demand
ST0500,48.66905786751047,-98.13166516843856,"9327 Main St, City 499",AC Level 2,0.44,49,44.0,110,EVgo,7.2,CHAdeMO,2019,Yes,4.2,4,Yearly
